Workbook

Sheet Pivot table 2
A3: Age | B3: Average of charges
A4: 18 | B4: 22539.556
A5: 19 | B5: 26436.838
A6: 20 | B6: 23933.689
A7: 21 | B7: 16919.117
A8: 22 | B8: 30026.682
A9: 23 | B9: 26061.338
A10: 24 | B10: 25858.909
A11: 25 | B11: 24760.697
A12: 26 | B12: 17566.633
A13: 27 | B13: 24531.522
A14: 28 | B14: 24778.54
A15: 29 | B15: 23141.134
... A51: 65 | B51: 29330.98
A52: #N/A | B52: #N/A
A53: Grand Total | B53: #N/A

Sheet Pivot table 1
B2: Cancer history
B3: No | C3: Yes | D3: #N/A | E3: Grand Total
A4: Count of smoker | B4: 1944 | C4: 391 | D4: 1 | E4: 2336
A6: Any Transplants | B6: Average of HBA1C | C6: Count of NumberOfMajorSurgeries
A7: No | B7: 6.6704427 | C7: 2191
A8: yes | B8: 5.1876389 | C8: 144
A9: #N/A | B9: #N/A | C9: 1
A10: Grand Total | B10: #N/A | C10: #N/A
A12: Weight status | B12: Diabetes status | C12: Count of charges
A13: obesity | C13: 1221
A14: normal weight | C14: 431
A15: over weight | C15: 507
A16: under weight | C16: 176
A17: #N/A | B17: #N/A | C17: 1
A18: #N/A Total | C18: 1
A19: Grand Total | C19: 2336
A35: Hospital tier | B35: State ID | C35: Sum of charges
A36: tier - 1 | C36: 9020911.9
A37: tier - 2 | C37: 11331149
A38: tier - 3 | C38: 5349293.6
A39: #N/A | B39: #N/A | C39: #N/A
A40: #N/A Total | C40: #N/A
A41: Grand Total | C41: #N/A
A43: Age | B43: (All)
A45: Count of Weight | B45: Weight status
A46: Diabetes status | B46: obesity | C46: normal weight | D46: over weight | E46: under weight | F46: #N/A | G46: Grand Total
A47: diabetes | B47: 423 | C47: 137 | D47: 159 | E47: 65 | G47: 784
A48: normal | B48: 561 | C48: 212 | D48: 240 | E48: 82 | G48: 1095
A49: prediabetes | B49: 237 | C49: 82 | D49: 108 | E49: 29 | G49: 456
A50: #N/A | F50: 1 | G50: 1
A51: Grand Total | B51: 1221 | C51: 431 | D51: 507 | E51: 176 | F51: 1 | G51: 2336

Sheet Dashboard 
C1: HEALTH CARE SENTTING DATA DASHBOARD
A4: Any Transplants | B4: Average of HBA1C | C4: Count of NumberOfMajorSurgeries | H4: Age | I4: (All)
A5: No | B5: 6.6704427 | C5: 2191
A6: yes | B6: 5.1876389 | C6: 144 | H6: Count of Weight | I6: Weight status
A7: Grand Total | B7: 6.5789979 | C7: 2335 | H7: Diabetes status | I7: obesity | J7: normal weight | K7: over weight | L7: under weight | M7: Grand Total
H8: diabetes | I8: 423 | J8: 137 | K8: 159 | L8: 65 | M8: 784
H9: normal | I9: 561 | J9: 212 | K9: 240 | L9: 82 | M9: 1095
H10: prediabetes | I10: 237 | J10: 82 | K10: 108 | L10: 29 | M10: 456
A11: Weight status | B11: Diabetes status | C11: Count of charges | H11: Grand Total | I11: 1221 | J11: 431 | K11: 507 | L11: 176 | M11: 2335
A12: obesity | C12: 1221
A13: normal weight | C13: 431
A14: over weight | C14: 507
A15: under weight | C15: 176
A16: Grand Total | C16: 2335
A18: Hospital tier | B18: State ID | C18: Sum of charges
A19: tier - 1 | C19: 9020911.9
A20: tier - 2 | C20: 11331149
A21: tier - 3 | C21: 5349293.6
A22: Grand Total | C22: 25701355

Sheet Customer Names
A1: Column1 | B1: Column2 | C1: Column3 | D1: Column32 | E1: Column33 | F1: Column4 | G1: Column5 | H1: Column6 | I1: Column7 | J1: Column8 | K1: Column9 | L1: Column10 | M1: Column11
A2: Customer ID | B2: name | C2: Title | D2: =Table5[[#This Row],[Column5]]&" "&Table5[[#This Row],[Column7]]&" "
A3: Id1 | B3: Hawks | C3: =B3&" "&F3 -> Hawks | D3: =Table5[[#This Row],[Column5]]&" "&Table5[[#This Row],[Column7]]&" " -> Ms. Kelly | G3: Ms. | I3: Kelly
A4: Id2 | B4: Lehner | C4: =B4&" "&F4 -> Lehner | D4: =Table5[[#This Row],[Column5]]&" "&Table5[[#This Row],[Column7]]&" " -> Mr. Matthew | E4: D | G4: Mr. | I4: Matthew | J4: D
A5: Id3 | B5: Lu | C5: =B5&" "&F5 -> Lu | D5: =Table5[[#This Row],[Column5]]&" "&Table5[[#This Row],[Column7]]&" " -> Mr. Phil | G5: Mr. | I5: Phil
A6: Id4 | B6: Osborne | C6: =B6&" "&F6 -> Osborne | D6: =Table5[[#This Row],[Column5]]&" "&Table5[[#This Row],[Column7]]&" " -> Ms. Kelsey | G6: Ms. | I6: Kelsey
A7: Id5 | B7: Kadala | C7: =B7&" "&F7 -> Kadala | D7: =Table5[[#This Row],[Column5]]&" "&Table5[[#This Row],[Column7]]&" " -> Ms. Kristyn | G7: Ms. | I7: Kristyn
A8: Id6 | B8: Baker | C8: =B8&" "&F8 -> Baker | D8: =Table5[[#This Row],[Column5]]&" "&Table5[[#This Row],[Column7]]&" " -> Mr. Russell | E8: B. | G8: Mr. | I8: Russell | J8: B.
A9: Id7 | B9: Macpherson | C9: =B9&" "&F9 -> Macpherson | D9: =Table5[[#This Row],[Column5]]&" "&Table5[[#This Row],[Column7]]&" " -> Mr. Scott | G9: Mr. | I9: Scott
A10: Id8 | B10: Hallman | C10: =B10&" "&F10 -> Hallman | D10: =Table5[[#This Row],[Column5]]&" "&Table5[[#This Row],[Column7]]&" " -> Mr. Stephen | G10: Mr. | I10: Stephen
A11: Id9 | B11: Moran | C11: =B11&" "&F11 -> Moran | D11: =Table5[[#This Row],[Column5]]&" "&Table5[[#This Row],[Column7]]&" " -> Mr. Patrick | E11: R. | G11: Mr. | I11: Patrick | J11: R.
A12: Id10 | B12: Benner | C12: =B12&" "&F12 -> Benner | D12: =Table5[[#This Row],[Column5]]&" "&Table5[[#This Row],[Column7]]&" " -> Ms. Brooke | E12: N. | G12: Ms. | I12: Brooke | J12: N.
A13: Id11 | B13: Fierro | C13: =B13&" "&F13 -> Fierro Vargas | D13: =Table5[[#This Row],[Column6]]&" "&Table5[[#This Row],[Column8]]&" " -> Ms. Paola | E13: Andrea | F13: Vargas | H13: Ms. | J13: Paola
A14: Id12 | B14: Franz | C14: =B14&" "&F14 -> Franz | D14: =Table5[[#This Row],[Column5]]&" "&Table5[[#This Row],[Column7]]&" " -> Mr. David | G14: Mr. | I14: David
A15: Id13 | B15: Foster | C15: =B15&" "&F15 -> Foster | D15: =Table5[[#This Row],[Column5]]&" "&Table5[[#This Row],[Column7]]&" " -> Mr. Wade | G15: Mr. | I15: Wade
A16: Id14 | B16: Tenorio | C16: =B16&" "&F16 -> Tenorio | D16: =Table5[[#This Row],[Column5]]&" "&Table5[[#This Row],[Column7]]&" " -> Mr. Franklin | G16: Mr. | I16: Franklin
A17: Id15 | B17: Rios | C17: =B17&" "&F17 -> Rios | D17: =Table5[[#This Row],[Column5]]&" "&Table5[[#This Row],[Column7]]&" " -> Ms. Leilani | E17: M. | G17: Ms. | I17: Leilani | J17: M.
A18: Id16 | B18: Viau-Dupuis | C18: =B18&" "&F18 -> Viau-Dupuis | D18: =Table5[[#This Row],[Column5]]&" "&Table5[[#This Row],[Column7]]&" " -> Mr. Philippe | G18: Mr. | I18: Philippe
A19: Id17 | B19: Cronin | C19: =B19&" "&F19 -> Cronin | D19: =Table5[[#This Row],[Column5]]&" "&Table5[[#This Row],[Column7]]&" " -> Ms. Jennifer | E19: A. | G19: Ms. | I19: Jennifer | J19: A.
A20: Id18 | B20: Noordstar | C20: =B20&" "&F20 -> Noordstar | D20: =Table5[[#This Row],[Column5]]&" "&Table5[[#This Row],[Column7]]&" " -> Ms. Christina | E20: M. | G20: Ms. | I20: Christina | J20: M.
A21: Id19 | B21: Boudalia | C21: =B21&" "&F21 -> Boudalia | D21: =Table5[[#This Row],[Column5]]&" "&Table5[[#This Row],[Column7]]&" " -> Mr. Said | E21: Sr. | G21: Mr. | I21: Said | J21: Sr.
A22: Id20 | B22: Flor | C22: =B22&" "&F22 -> Flor | D22: =Table5[[#This Row],[Column5]]&" "&Table5[[#This Row],[Column7]]&" " -> Mr. John | G22: Mr. | I22: John
A23: Id21 | B23: Fennon | C23: =B23&" "&F23 -> Fennon | D23: =Table5[[#This Row],[Column5]]&" "&Table5[[#This Row],[Column7]]&" " -> Mr. Myles | G23: Mr. | I23: Myles
A24: Id22 | B24: Hribar | C24: =B24&" "&F24 -> Hribar | D24: =Table5[[#This Row],[Column5]]&" "&Table5[[#This Row],[Column7]]&" " -> Ms. Madelyn | E24: C | G24: Ms. | I24: Madelyn | J24: C
A25: Id23 | B25: Tassello | C25: =B25&" "&F25 -> Tassello | D25: =Table5[[#This Row],[Column5]]&" "&Table5[[#This Row],[Column7]]&" " -> Ms. Nicole | G25: Ms. | I25: Nicole
A26: Id24 | B26: Mauricette | C26: =B26&" "&F26 -> Mauricette | D26: =Table5[[#This Row],[Column5]]&" "&Table5[[#This Row],[Column7]]&" " -> Mr. Eric | E26: A. | G26: Mr. | I26: Eric | J26: A.
A27: Id25 | B27: Garcia | C27: =B27&" "&F27 -> Garcia | D27: =Table5[[#This Row],[Column5]]&" "&Table5[[#This Row],[Column7]]&" " -> Mr. Emiliano | E27: I. | G27: Mr. | I27: Emiliano | J27: I.
A28: Id26 | B28: Airoldi | C28: =B28&" "&F28 -> Airoldi | D28: =Table5[[#This Row],[Column5]]&" "&Table5[[#This Row],[Column7]]&" " -> Mr. Adam | G28: Mr. | I28: Adam
A29: Id27 | B29: Cater-Cyker | C29: =B29&" "&F29 -> Cater-Cyker | D29: =Table5[[#This Row],[Column5]]&" "&Table5[[#This Row],[Column7]]&" " -> Mr. Zach | G29: Mr. | I29: Zach
A30: Id28 | B30: Hamm | C30: =B30&" "&F30 -> Hamm | D30: =Table5[[#This Row],[Column5]]&" "&Table5[[#This Row],[Column7]]&" " -> Ms. Stephanie | E30: W. | G30: Ms. | I30: Stephanie | J30: W.
A31: Id29 | B31: Cox | C31: =B31&" "&F31 -> Cox | D31: =Table5[[#This Row],[Column5]]&" "&Table5[[#This Row],[Column7]]&" " -> Mr. Stephen | G31: Mr. | I31: Stephen
A32: Id30 | B32: Sachrajda | C32: =B32&" "&F32 -> Sachrajda | D32: =Table5[[#This Row],[Column5]]&" "&Table5[[#This Row],[Column7]]&" " -> Ms. Natalie | G32: Ms. | I32: Natalie
A33: Id31 | B33: Gareri | C33: =B33&" "&F33 -> Gareri | D33: =Table5[[#This Row],[Column5]]&" "&Table5[[#This Row],[Column7]]&" " -> Ms. Nicole | E33: J. | G33: Ms. | I33: Nicole | J33: J.
A34: Id32 | B34: Welch | C34: =B34&" "&F34 -> Welch | D34: =Table5[[#This Row],[Column5]]&" "&Table5[[#This Row],[Column7]]&" " -> Mr. Jefferson | E34: D | G34: Mr. | I34: Jefferson | J34: D
A35: Id33 | B35: Prindiville | C35: =B35&" "&F35 -> Prindiville | D35: =Table5[[#This Row],[Column5]]&" "&Table5[[#This Row],[Column7]]&" " -> Mr. Brendan | E35: D. | G35: Mr. | I35: Brendan | J35: D.
A36: Id34 | B36: Kincaid | C36: =B36&" "&F36 -> Kincaid | D36: =Table5[[#This Row],[Column5]]&" "&Table5[[#This Row],[Column7]]&" " -> Ms. Courtney | G36: Ms. | I36: Courtney
A37: Id35 | B37: Bruestle | C37: =B37&" "&F37 -> Bruestle | D37: =Table5[[#This Row],[Column5]]&" "&Table5[[#This Row],[Column7]]&" " -> Ms. Sydney | E37: L. | G37: Ms. | I37: Sydney | J37: L.
A38: Id36 | B38: Lachance | C38: =B38&" "&F38 -> Lachance | D38: =Table5[[#This Row],[Column5]]&" "&Table5[[#This Row],[Column7]]&" " -> Mr. Julien | G38: Mr. | I38: Julien
A39: Id37 | B39: Eason | C39: =B39&" "&F39 -> Eason | D39: =Table5[[#This Row],[Column5]]&" "&Table5[[#This Row],[Column7]]&" " -> Mr. Ryan | E39: M | G39: Mr. | I39: Ryan | J39: M
A40: Id38 | B40: Grummon | C40: =B40&" "&F40 -> Grummon | D40: =Table5[[#This Row],[Column5]]&" "&Table5[[#This Row],[Column7]]&" " -> Ms. Anna | E40: H. | G40: Ms. | I40: Anna | J40: H.
A41: Id39 | B41: Vanwechel | C41: =B41&" "&F41 -> Vanwechel | D41: =Table5[[#This Row],[Column5]]&" "&Table5[[#This Row],[Column7]]&" " -> Ms. Samantha | G41: Ms. | I41: Samantha
A42: Id40 | B42: Fisher | C42: =B42&" "&F42 -> Fisher | D42: =Table5[[#This Row],[Column5]]&" "&Table5[[#This Row],[Column7]]&" " -> Mr. Robert | G42: Mr. | I42: Robert
A43: Id41 | B43: Jenkins | C43: =B43&" "&F43 -> Jenkins | D43: =Table5[[#This Row],[Column5]]&" "&Table5[[#This Row],[Column7]]&" " -> Mr. James | E43: R. | G43: Mr. | I43: James | J43: R.
A44: Id42 | B44: Peters | C44: =B44&" "&F44 -> Peters | D44: =Table5[[#This Row],[Column5]]&" "&Table5[[#This Row],[Column7]]&" " -> Ms. Roseann | G44: Ms. | I44: Roseann
A45: Id43 | B45: Aha | C45: =B45&" "&F45 -> Aha | D45: =Table5[[#This Row],[Column5]]&" "&Table5[[#This Row],[Column7]]&" " -> Ms. Nicole | G45: Ms. | I45: Nicole
A46: Id44 | B46: McElwain | C46: =B46&" "&F46 -> McElwain | D46: =Table5[[#This Row],[Column5]]&" "&Table5[[#This Row],[Column7]]&" " -> Mr. Spencer | G46: Mr. | I46: Spencer
A47: Id45 | B47: Januszewski | C47: =B47&" "&F47 -> Januszewski | D47: =Table5[[#This Row],[Column5]]&" "&Table5[[#This Row],[Column7]]&" " -> Mr. Eric | E47: W | G47: Mr. | I47: Eric | J47: W
A48: Id46 | B48: Rohne | C48: =B48&" "&F48 -> Rohne | D48: =Table5[[#This Row],[Column5]]&" "&Table5[[#This Row],[Column7]]&" " -> Ms. Brianna | E48: L | G48: Ms. | I48: Brianna | J48: L
A49: Id47 | B49: O'Grady | C49: =B49&" "&F49 -> O'Grady | D49: =Table5[[#This Row],[Column5]]&" "&Table5[[#This Row],[Column7]]&" " -> Mr. Thomas | E49: J. | G49: Mr. | I49: Thomas | J49: J.
A50: Id48 | B50: Peters | C50: =B50&" "&F50 -> Peters | D50: =Table5[[#This Row],[Column5]]&" "&Table5[[#This Row],[Column7]]&" " -> Ms. Melissa | E50: L | G50: Ms. | I50: Melissa | J50: L
A51: Id49 | B51: De | C51: =B51&" "&F51 -> De Simone | D51: Mr. Flavio | F51: Simone
A52: Id50 | B52: Beckett | C52: =B52&" "&F52 -> Beckett | D52: =Table5[[#This Row],[Column5]]&" "&Table5[[#This Row],[Column7]]&" " -> Mr. Ryan | G52: Mr. | I52: Ryan
A53: Id51 | B53: Sobrilsky | C53: =B53&" "&F53 -> Sobrilsky | D53: =Table5[[#This Row],[Column5]]&" "&Table5[[#This Row],[Column7]]&" " -> Mr. Anthony | E53: J. | G53: Mr. | I53: Anthony | J53: J.
A54: Id52 | B54: Wang | C54: =B54&" "&F54 -> Wang | D54: =Table5[[#This Row],[Column5]]&" "&Table5[[#This Row],[Column7]]&" " -> Ms. Alex | G54: Ms. | I54: Alex
A55: Id53 | B55: Campa | C55: =B55&" "&F55 -> Campa | D55: =Table5[[#This Row],[Column5]]&" "&Table5[[#This Row],[Column7]]&" " -> Mr. David | G55: Mr. | I55: David
A56: Id54 | B56: Clifford | C56: =B56&" "&F56 -> Clifford | D56: =Table5[[#This Row],[Column5]]&" "&Table5[[#This Row],[Column7]]&" " -> Mr. Andrew | E56: B | G56: Mr. | I56: Andrew | J56: B
A57: Id55 | B57: Dalmata | C57: =B57&" "&F57 -> Dalmata | D57: =Table5[[#This Row],[Column5]]&" "&Table5[[#This Row],[Column7]]&" " -> Ms. Dara | E57: E | G57: Ms. | I57: Dara | J57: E
A58: Id56 | B58: Vishik | C58: =B58&" "&F58 -> Vishik | D58: =Table5[[#This Row],[Column5]]&" "&Table5[[#This Row],[Column7]]&" " -> Ms. Inna | G58: Ms. | I58: Inna
A59: Id57 | B59: Schorr | C59: =B59&" "&F59 -> Schorr | D59: =Table5[[#This Row],[Column5]]&" "&Table5[[#This Row],[Column7]]&" " -> Mr. Ari | G59: Mr. | I59: Ari
A60: Id58 | B60: Lusardi | C60: =B60&" "&F60 -> Lusardi | D60: =Table5[[#This Row],[Column5]]&" "&Table5[[#This Row],[Column7]]&" " -> Ms. Lindsey | G60: Ms. | I60: Lindsey
A61: Id59 | B61: Rayner | C61: =B61&" "&F61 -> Rayner | D61: =Table5[[#This Row],[Column5]]&" "&Table5[[#This Row],[Column7]]&" " -> Mr. Kenny | G61: Mr. | I61: Kenny
A62: Id60 | B62: Voghel | C62: =B62&" "&F62 -> Voghel | D62: =Table5[[#This Row],[Column5]]&" "&Table5[[#This Row],[Column7]]&" " -> Ms. Louise | G62: Ms. | I62: Louise
A63: Id61 | B63: Rieth | C63: =B63&" "&F63 -> Rieth | D63: =Table5[[#This Row],[Column5]]&" "&Table5[[#This Row],[Column7]]&" " -> Mr. Cameron | G63: Mr. | I63: Cameron
A64: Id62 | B64: Gollotto | C64: =B64&" "&F64 -> Gollotto | D64: =Table5[[#This Row],[Column5]]&" "&Table5[[#This Row],[Column7]]&" " -> Ms. Katie | E64: T. | G64: Ms. | I64: Katie | J64: T.
A65: Id63 | B65: Dunn | C65: =B65&" "&F65 -> Dunn | D65: =Table5[[#This Row],[Column5]]&" "&Table5[[#This Row],[Column7]]&" " -> Ms. Casey | G65: Ms. | I65: Casey
A66: Id64 | B66: Blitzer | C66: =B66&" "&F66 -> Blitzer | D66: =Table5[[#This Row],[Column5]]&" "&Table5[[#This Row],[Column7]]&" " -> Mr. David | G66: Mr. | I66: David
A67: Id65 | B67: Smith | C67: =B67&" "&F67 -> Smith | D67: =Table5[[#This Row],[Column5]]&" "&Table5[[#This Row],[Column7]]&" " -> Mr. Bryson | E67: C. | G67: Mr. | I67: Bryson | J67: C.
A68: Id66 | B68: Hyland | C68: =B68&" "&F68 -> Hyland | D68: =Table5[[#This Row],[Column5]]&" "&Table5[[#This Row],[Column7]]&" " -> Ms. Megan | G68: Ms. | I68: Megan
A69: Id67 | B69: Ducharme | C69: =B69&" "&F69 -> Ducharme | D69: =Table5[[#This Row],[Column5]]&" "&Table5[[#This Row],[Column7]]&" " -> Mr. Daniel | G69: Mr. | I69: Daniel
A70: Id68 | B70: Johnson | C70: =B70&" "&F70 -> Johnson | D70: =Table5[[#This Row],[Column5]]&" "&Table5[[#This Row],[Column7]]&" " -> Mr. Steven | E70: M. | G70: Mr. | I70: Steven | J70: M.
A71: Id69 | B71: Mutz | C71: =B71&" "&F71 -> Mutz | D71: =Table5[[#This Row],[Column5]]&" "&Table5[[#This Row],[Column7]]&" " -> Ms. Jenna | E71: L. | G71: Ms. | I71: Jenna | J71: L.
A72: Id70 | B72: Lee | C72: =B72&" "&F72 -> Lee | D72: =Table5[[#This Row],[Column5]]&" "&Table5[[#This Row],[Column7]]&" " -> Mr. Freeman | G72: Mr. | I72: Freeman
A73: Id71 | B73: Turner | C73: =B73&" "&F73 -> Turner | D73: =Table5[[#This Row],[Column5]]&" "&Table5[[#This Row],[Column7]]&" " -> Mr. Jeff | G73: Mr. | I73: Jeff
A74: Id72 | B74: Rangel | C74: =B74&" "&F74 -> Rangel | D74: =Table5[[#This Row],[Column5]]&" "&Table5[[#This Row],[Column7]]&" " -> Mr. Elenilton | E74: V. | G74: Mr. | I74: Elenilton | J74: V. | K74: Sr.
A75: Id73 | B75: Lacey | C75: =B75&" "&F75 -> Lacey | D75: =Table5[[#This Row],[Column5]]&" "&Table5[[#This Row],[Column7]]&" " -> Ms. Maurya | G75: Ms. | I75: Maurya
A76: Id74 | B76: Stiger | C76: =B76&" "&F76 -> Stiger | D76: =Table5[[#This Row],[Column5]]&" "&Table5[[#This Row],[Column7]]&" " -> Ms. Samantha | E76: C | G76: Ms. | I76: Samantha | J76: C
A77: Id75 | B77: Caldwell | C77: =B77&" "&F77 -> Caldwell | D77: =Table5[[#This Row],[Column5]]&" "&Table5[[#This Row],[Column7]]&" " -> Ms. Bethany | E77: A | G77: Ms. | I77: Bethany | J77: A
A78: Id76 | B78: Marmillod | C78: =B78&" "&F78 -> Marmillod | D78: =Table5[[#This Row],[Column5]]&" "&Table5[[#This Row],[Column7]]&" " -> Mr. Yves | G78: Mr. | I78: Yves
A79: Id77 | B79: Cloutier-Simons | C79: =B79&" "&F79 -> Cloutier-Simons | D79: =Table5[[#This Row],[Column5]]&" "&Table5[[#This Row],[Column7]]&" " -> Ms. Danielle | G79: Ms. | I79: Danielle
A80: Id78 | B80: Vegas | C80: =B80&" "&F80 -> Vegas | D80: =Table5[[#This Row],[Column5]]&" "&Table5[[#This Row],[Column7]]&" " -> Ms. Julia | G80: Ms. | I80: Julia
A81: Id79 | B81: Cochran | C81: =B81&" "&F81 -> Cochran | D81: =Table5[[#This Row],[Column5]]&" "&Table5[[#This Row],[Column7]]&" " -> Mr. Joshua | G81: Mr. | I81: Joshua
A82: Id80 | B82: Holtzapple | C82: =B82&" "&F82 -> Holtzapple | D82: =Table5[[#This Row],[Column5]]&" "&Table5[[#This Row],[Column7]]&" " -> Ms. Jennifer | G82: Ms. | I82: Jennifer
A83: Id81 | B83: Meyer | C83: =B83&" "&F83 -> Meyer | D83: =Table5[[#This Row],[Column5]]&" "&Table5[[#This Row],[Column7]]&" " -> Ms. Gwen | E83: M. | G83: Ms. | I83: Gwen | J83: M.
A84: Id82 | B84: Brickley | C84: =B84&" "&F84 -> Brickley | D84: =Table5[[#This Row],[Column5]]&" "&Table5[[#This Row],[Column7]]&" " -> Mr. Patrick | G84: Mr. | I84: Patrick
A85: Id83 | B85: Magee | C85: =B85&" "&F85 -> Magee | D85: =Table5[[#This Row],[Column5]]&" "&Table5[[#This Row],[Column7]]&" " -> Ms. Kate | G85: Ms. | I85: Kate
A86: Id84 | B86: Thoma | C86: =B86&" "&F86 -> Thoma | D86: =Table5[[#This Row],[Column5]]&" "&Table5[[#This Row],[Column7]]&" " -> Mr. Kevin | G86: Mr. | I86: Kevin
A87: Id85 | B87: Heagy | C87: =B87&" "&F87 -> Heagy | D87: =Table5[[#This Row],[Column5]]&" "&Table5[[#This Row],[Column7]]&" " -> Mr. Stephen | E87: II | G87: Mr. | I87: Stephen | J87: II
A88: Id86 | B88: Regnier | C88: =B88&" "&F88 -> Regnier | D88: =Table5[[#This Row],[Column5]]&" "&Table5[[#This Row],[Column7]]&" " -> Mr. Philip | G88: Mr. | I88: Philip
A89: Id87 | B89: Parendo | C89: =B89&" "&F89 -> Parendo | D89: =Table5[[#This Row],[Column5]]&" "&Table5[[#This Row],[Column7]]&" " -> Mr. Brett | E89: A | G89: Mr. | I89: Brett | J89: A
A90: Id88 | B90: Schell | C90: =B90&" "&F90 -> Schell | D90: =Table5[[#This Row],[Column5]]&" "&Table5[[#This Row],[Column7]]&" " -> Ms. Rebecca | G90: Ms. | I90: Rebecca
A91: Id89 | B91: Driscoll | C91: =B91&" "&F91 -> Driscoll | D91: =Table5[[#This Row],[Column5]]&" "&Table5[[#This Row],[Column7]]&" " -> Ms. Kelley | G91: Ms. | I91: Kelley
A92: Id90 | B92: Mitchell | C92: =B92&" "&F92 -> Mitchell | D92: =Table5[[#This Row],[Column5]]&" "&Table5[[#This Row],[Column7]]&" " -> Ms. Abigail | E92: K | G92: Ms. | I92: Abigail | J92: K
A93: Id91 | B93: Cutler | C93: =B93&" "&F93 -> Cutler | D93: =Table5[[#This Row],[Column5]]&" "&Table5[[#This Row],[Column7]]&" " -> Ms. Hope | G93: Ms. | I93: Hope
A94: Id92 | B94: Derian | C94: =B94&" "&F94 -> Derian | D94: =Table5[[#This Row],[Column5]]&" "&Table5[[#This Row],[Column7]]&" " -> Ms. Elyse | E94: M. | G94: Ms. | I94: Elyse | J94: M.
A95: Id93 | B95: Farina | C95: =B95&" "&F95 -> Farina | D95: =Table5[[#This Row],[Column5]]&" "&Table5[[#This Row],[Column7]]&" " -> Mr. Nicholas | G95: Mr. | I95: Nicholas
A96: Id94 | B96: Saunders | C96: =B96&" "&F96 -> Saunders | D96: =Table5[[#This Row],[Column5]]&" "&Table5[[#This Row],[Column7]]&" " -> Mr. David | G96: Mr. | I96: David
A97: Id95 | B97: Kratz | C97: =B97&" "&F97 -> Kratz | D97: =Table5[[#This Row],[Column5]]&" "&Table5[[#This Row],[Column7]]&" " -> Ms. Natalie | G97: Ms. | I97: Natalie
A98: Id96 | B98: Boland | C98: =B98&" "&F98 -> Boland | D98: =Table5[[#This Row],[Column5]]&" "&Table5[[#This Row],[Column7]]&" " -> Mr. Thomas | G98: Mr. | I98: Thomas
A99: Id97 | B99: Van | C99: =B99&" "&F99 -> Van Hout | D99: Ms.Pamela | E99: Pamela | F99: Hout | H99: Ms. | J99: Pamela | K99: J.
A100: Id98 | B100: Ramsey | C100: =B100&" "&F100 -> Ramsey | D100: =Table5[[#This Row],[Column5]]&" "&Table5[[#This Row],[Column7]]&" " -> Ms. Jessica | G100: Ms. | I100: Jessica
...

Sheet Customer name 1
A1: Column1 | B1: Column2 | C1: Column3 | D1: First name | E1: Last name
A2: Customer ID | B2: name | C2: Title | D2: =Table5[[#This Row],[Column5]]&" "&Table5[[#This Row],[Column7]]&" "
A3: Id1 | B3: Hawks | C3: =B3&" "&F3 -> Hawks | D3: =Table5[[#This Row],[Column5]]&" "&Table5[[#This Row],[Column7]]&" " -> Ms. Kelly
A4: Id2 | B4: Lehner | C4: =B4&" "&F4 -> Lehner | D4: =Table5[[#This Row],[Column5]]&" "&Table5[[#This Row],[Column7]]&" " -> Mr. Matthew | E4: D
A5: Id3 | B5: Lu | C5: =B5&" "&F5 -> Lu | D5: =Table5[[#This Row],[Column5]]&" "&Table5[[#This Row],[Column7]]&" " -> Mr. Phil
A6: Id4 | B6: Osborne | C6: =B6&" "&F6 -> Osborne | D6: =Table5[[#This Row],[Column5]]&" "&Table5[[#This Row],[Column7]]&" " -> Ms. Kelsey
A7: Id5 | B7: Kadala | C7: =B7&" "&F7 -> Kadala | D7: =Table5[[#This Row],[Column5]]&" "&Table5[[#This Row],[Column7]]&" " -> Ms. Kristyn
A8: Id6 | B8: Baker | C8: =B8&" "&F8 -> Baker | D8: =Table5[[#This Row],[Column5]]&" "&Table5[[#This Row],[Column7]]&" " -> Mr. Russell | E8: B.
A9: Id7 | B9: Macpherson | C9: =B9&" "&F9 -> Macpherson | D9: =Table5[[#This Row],[Column5]]&" "&Table5[[#This Row],[Column7]]&" " -> Mr. Scott
A10: Id8 | B10: Hallman | C10: =B10&" "&F10 -> Hallman | D10: =Table5[[#This Row],[Column5]]&" "&Table5[[#This Row],[Column7]]&" " -> Mr. Stephen
A11: Id9 | B11: Moran | C11: =B11&" "&F11 -> Moran | D11: =Table5[[#This Row],[Column5]]&" "&Table5[[#This Row],[Column7]]&" " -> Mr. Patrick | E11: R.
A12: Id10 | B12: Benner | C12: =B12&" "&F12 -> Benner | D12: =Table5[[#This Row],[Column5]]&" "&Table5[[#This Row],[Column7]]&" " -> Ms. Brooke | E12: N.
A13: Id11 | B13: Fierro | C13: =B13&" "&F13 -> Fierro | D13: =Table5[[#This Row],[Column6]]&" "&Table5[[#This Row],[Column8]]&" " -> Ms. Paola | E13: Andrea
A14: Id12 | B14: Franz | C14: =B14&" "&F14 -> Franz | D14: =Table5[[#This Row],[Column5]]&" "&Table5[[#This Row],[Column7]]&" " -> Mr. David
A15: Id13 | B15: Foster | C15: =B15&" "&F15 -> Foster | D15: =Table5[[#This Row],[Column5]]&" "&Table5[[#This Row],[Column7]]&" " -> Mr. Wade
A16: Id14 | B16: Tenorio | C16: =B16&" "&F16 -> Tenorio | D16: =Table5[[#This Row],[Column5]]&" "&Table5[[#This Row],[Column7]]&" " -> Mr. Franklin
A17: Id15 | B17: Rios | C17: =B17&" "&F17 -> Rios | D17: =Table5[[#This Row],[Column5]]&" "&Table5[[#This Row],[Column7]]&" " -> Ms. Leilani | E17: M.
A18: Id16 | B18: Viau-Dupuis | C18: =B18&" "&F18 -> Viau-Dupuis | D18: =Table5[[#This Row],[Column5]]&" "&Table5[[#This Row],[Column7]]&" " -> Mr. Philippe
A19: Id17 | B19: Cronin | C19: =B19&" "&F19 -> Cronin | D19: =Table5[[#This Row],[Column5]]&" "&Table5[[#This Row],[Column7]]&" " -> Ms. Jennifer | E19: A.
A20: Id18 | B20: Noordstar | C20: =B20&" "&F20 -> Noordstar | D20: =Table5[[#This Row],[Column5]]&" "&Table5[[#This Row],[Column7]]&" " -> Ms. Christina | E20: M.
A21: Id19 | B21: Boudalia | C21: =B21&" "&F21 -> Boudalia | D21: =Table5[[#This Row],[Column5]]&" "&Table5[[#This Row],[Column7]]&" " -> Mr. Said | E21: Sr.
A22: Id20 | B22: Flor | C22: =B22&" "&F22 -> Flor | D22: =Table5[[#This Row],[Column5]]&" "&Table5[[#This Row],[Column7]]&" " -> Mr. John
A23: Id21 | B23: Fennon | C23: =B23&" "&F23 -> Fennon | D23: =Table5[[#This Row],[Column5]]&" "&Table5[[#This Row],[Column7]]&" " -> Mr. Myles
A24: Id22 | B24: Hribar | C24: =B24&" "&F24 -> Hribar | D24: =Table5[[#This Row],[Column5]]&" "&Table5[[#This Row],[Column7]]&" " -> Ms. Madelyn | E24: C
A25: Id23 | B25: Tassello | C25: =B25&" "&F25 -> Tassello | D25: =Table5[[#This Row],[Column5]]&" "&Table5[[#This Row],[Column7]]&" " -> Ms. Nicole
A26: Id24 | B26: Mauricette | C26: =B26&" "&F26 -> Mauricette | D26: =Table5[[#This Row],[Column5]]&" "&Table5[[#This Row],[Column7]]&" " -> Mr. Eric | E26: A.
A27: Id25 | B27: Garcia | C27: =B27&" "&F27 -> Garcia | D27: =Table5[[#This Row],[Column5]]&" "&Table5[[#This Row],[Column7]]&" " -> Mr. Emiliano | E27: I.
A28: Id26 | B28: Airoldi | C28: =B28&" "&F28 -> Airoldi | D28: =Table5[[#This Row],[Column5]]&" "&Table5[[#This Row],[Column7]]&" " -> Mr. Adam
A29: Id27 | B29: Cater-Cyker | C29: =B29&" "&F29 -> Cater-Cyker | D29: =Table5[[#This Row],[Column5]]&" "&Table5[[#This Row],[Column7]]&" " -> Mr. Zach
A30: Id28 | B30: Hamm | C30: =B30&" "&F30 -> Hamm | D30: =Table5[[#This Row],[Column5]]&" "&Table5[[#This Row],[Column7]]&" " -> Ms. Stephanie | E30: W.
A31: Id29 | B31: Cox | C31: =B31&" "&F31 -> Cox | D31: =Table5[[#This Row],[Column5]]&" "&Table5[[#This Row],[Column7]]&" " -> Mr. Stephen
A32: Id30 | B32: Sachrajda | C32: =B32&" "&F32 -> Sachrajda | D32: =Table5[[#This Row],[Column5]]&" "&Table5[[#This Row],[Column7]]&" " -> Ms. Natalie
A33: Id31 | B33: Gareri | C33: =B33&" "&F33 -> Gareri | D33: =Table5[[#This Row],[Column5]]&" "&Table5[[#This Row],[Column7]]&" " -> Ms. Nicole | E33: J.
A34: Id32 | B34: Welch | C34: =B34&" "&F34 -> Welch | D34: =Table5[[#This Row],[Column5]]&" "&Table5[[#This Row],[Column7]]&" " -> Mr. Jefferson | E34: D
A35: Id33 | B35: Prindiville | C35: =B35&" "&F35 -> Prindiville | D35: =Table5[[#This Row],[Column5]]&" "&Table5[[#This Row],[Column7]]&" " -> Mr. Brendan | E35: D.
A36: Id34 | B36: Kincaid | C36: =B36&" "&F36 -> Kincaid | D36: =Table5[[#This Row],[Column5]]&" "&Table5[[#This Row],[Column7]]&" " -> Ms. Courtney
A37: Id35 | B37: Bruestle | C37: =B37&" "&F37 -> Bruestle | D37: =Table5[[#This Row],[Column5]]&" "&Table5[[#This Row],[Column7]]&" " -> Ms. Sydney | E37: L.
A38: Id36 | B38: Lachance | C38: =B38&" "&F38 -> Lachance | D38: =Table5[[#This Row],[Column5]]&" "&Table5[[#This Row],[Column7]]&" " -> Mr. Julien
A39: Id37 | B39: Eason | C39: =B39&" "&F39 -> Eason | D39: =Table5[[#This Row],[Column5]]&" "&Table5[[#This Row],[Column7]]&" " -> Mr. Ryan | E39: M
A40: Id38 | B40: Grummon | C40: =B40&" "&F40 -> Grummon | D40: =Table5[[#This Row],[Column5]]&" "&Table5[[#This Row],[Column7]]&" " -> Ms. Anna | E40: H.
A41: Id39 | B41: Vanwechel | C41: =B41&" "&F41 -> Vanwechel | D41: =Table5[[#This Row],[Column5]]&" "&Table5[[#This Row],[Column7]]&" " -> Ms. Samantha
A42: Id40 | B42: Fisher | C42: =B42&" "&F42 -> Fisher | D42: =Table5[[#This Row],[Column5]]&" "&Table5[[#This Row],[Column7]]&" " -> Mr. Robert
A43: Id41 | B43: Jenkins | C43: =B43&" "&F43 -> Jenkins | D43: =Table5[[#This Row],[Column5]]&" "&Table5[[#This Row],[Column7]]&" " -> Mr. James | E43: R.
A44: Id42 | B44: Peters | C44: =B44&" "&F44 -> Peters | D44: =Table5[[#This Row],[Column5]]&" "&Table5[[#This Row],[Column7]]&" " -> Ms. Roseann
A45: Id43 | B45: Aha | C45: =B45&" "&F45 -> Aha | D45: =Table5[[#This Row],[Column5]]&" "&Table5[[#This Row],[Column7]]&" " -> Ms. Nicole
A46: Id44 | B46: McElwain | C46: =B46&" "&F46 -> McElwain | D46: =Table5[[#This Row],[Column5]]&" "&Table5[[#This Row],[Column7]]&" " -> Mr. Spencer
A47: Id45 | B47: Januszewski | C47: =B47&" "&F47 -> Januszewski | D47: =Table5[[#This Row],[Column5]]&" "&Table5[[#This Row],[Column7]]&" " -> Mr. Eric | E47: W
A48: Id46 | B48: Rohne | C48: =B48&" "&F48 -> Rohne | D48: =Table5[[#This Row],[Column5]]&" "&Table5[[#This Row],[Column7]]&" " -> Ms. Brianna | E48: L
A49: Id47 | B49: O'Grady | C49: =B49&" "&F49 -> O'Grady | D49: =Table5[[#This Row],[Column5]]&" "&Table5[[#This Row],[Column7]]&" " -> Mr. Thomas | E49: J.
A50: Id48 | B50: Peters | C50: =B50&" "&F50 -> Peters | D50: =Table5[[#This Row],[Column5]]&" "&Table5[[#This Row],[Column7]]&" " -> Ms. Melissa | E50: L
A51: Id49 | B51: De | C51: =B51&" "&F51 -> De | D51: Mr. Flavio
A52: Id50 | B52: Beckett | C52: =B52&" "&F52 -> Beckett | D52: =Table5[[#This Row],[Column5]]&" "&Table5[[#This Row],[Column7]]&" " -> Mr. Ryan
A53: Id51 | B53: Sobrilsky | C53: =B53&" "&F53 -> Sobrilsky | D53: =Table5[[#This Row],[Column5]]&" "&Table5[[#This Row],[Column7]]&" " -> Mr. Anthony | E53: J.
A54: Id52 | B54: Wang | C54: =B54&" "&F54 -> Wang | D54: =Table5[[#This Row],[Column5]]&" "&Table5[[#This Row],[Column7]]&" " -> Ms. Alex
A55: Id53 | B55: Campa | C55: =B55&" "&F55 -> Campa | D55: =Table5[[#This Row],[Column5]]&" "&Table5[[#This Row],[Column7]]&" " -> Mr. David
A56: Id54 | B56: Clifford | C56: =B56&" "&F56 -> Clifford | D56: =Table5[[#This Row],[Column5]]&" "&Table5[[#This Row],[Column7]]&" " -> Mr. Andrew | E56: B
A57: Id55 | B57: Dalmata | C57: =B57&" "&F57 -> Dalmata | D57: =Table5[[#This Row],[Column5]]&" "&Table5[[#This Row],[Column7]]&" " -> Ms. Dara | E57: E
A58: Id56 | B58: Vishik | C58: =B58&" "&F58 -> Vishik | D58: =Table5[[#This Row],[Column5]]&" "&Table5[[#This Row],[Column7]]&" " -> Ms. Inna
A59: Id57 | B59: Schorr | C59: =B59&" "&F59 -> Schorr | D59: =Table5[[#This Row],[Column5]]&" "&Table5[[#This Row],[Column7]]&" " -> Mr. Ari
A60: Id58 | B60: Lusardi | C60: =B60&" "&F60 -> Lusardi | D60: =Table5[[#This Row],[Column5]]&" "&Table5[[#This Row],[Column7]]&" " -> Ms. Lindsey
A61: Id59 | B61: Rayner | C61: =B61&" "&F61 -> Rayner | D61: =Table5[[#This Row],[Column5]]&" "&Table5[[#This Row],[Column7]]&" " -> Mr. Kenny
A62: Id60 | B62: Voghel | C62: =B62&" "&F62 -> Voghel | D62: =Table5[[#This Row],[Column5]]&" "&Table5[[#This Row],[Column7]]&" " -> Ms. Louise
A63: Id61 | B63: Rieth | C63: =B63&" "&F63 -> Rieth | D63: =Table5[[#This Row],[Column5]]&" "&Table5[[#This Row],[Column7]]&" " -> Mr. Cameron
A64: Id62 | B64: Gollotto | C64: =B64&" "&F64 -> Gollotto | D64: =Table5[[#This Row],[Column5]]&" "&Table5[[#This Row],[Column7]]&" " -> Ms. Katie | E64: T.
A65: Id63 | B65: Dunn | C65: =B65&" "&F65 -> Dunn | D65: =Table5[[#This Row],[Column5]]&" "&Table5[[#This Row],[Column7]]&" " -> Ms. Casey
A66: Id64 | B66: Blitzer | C66: =B66&" "&F66 -> Blitzer | D66: =Table5[[#This Row],[Column5]]&" "&Table5[[#This Row],[Column7]]&" " -> Mr. David
A67: Id65 | B67: Smith | C67: =B67&" "&F67 -> Smith | D67: =Table5[[#This Row],[Column5]]&" "&Table5[[#This Row],[Column7]]&" " -> Mr. Bryson | E67: C.
A68: Id66 | B68: Hyland | C68: =B68&" "&F68 -> Hyland | D68: =Table5[[#This Row],[Column5]]&" "&Table5[[#This Row],[Column7]]&" " -> Ms. Megan
A69: Id67 | B69: Ducharme | C69: =B69&" "&F69 -> Ducharme | D69: =Table5[[#This Row],[Column5]]&" "&Table5[[#This Row],[Column7]]&" " -> Mr. Daniel
A70: Id68 | B70: Johnson | C70: =B70&" "&F70 -> Johnson | D70: =Table5[[#This Row],[Column5]]&" "&Table5[[#This Row],[Column7]]&" " -> Mr. Steven | E70: M.
A71: Id69 | B71: Mutz | C71: =B71&" "&F71 -> Mutz | D71: =Table5[[#This Row],[Column5]]&" "&Table5[[#This Row],[Column7]]&" " -> Ms. Jenna | E71: L.
A72: Id70 | B72: Lee | C72: =B72&" "&F72 -> Lee | D72: =Table5[[#This Row],[Column5]]&" "&Table5[[#This Row],[Column7]]&" " -> Mr. Freeman
A73: Id71 | B73: Turner | C73: =B73&" "&F73 -> Turner | D73: =Table5[[#This Row],[Column5]]&" "&Table5[[#This Row],[Column7]]&" " -> Mr. Jeff
A74: Id72 | B74: Rangel | C74: =B74&" "&F74 -> Rangel | D74: =Table5[[#This Row],[Column5]]&" "&Table5[[#This Row],[Column7]]&" " -> Mr. Elenilton | E74: V.
A75: Id73 | B75: Lacey | C75: =B75&" "&F75 -> Lacey | D75: =Table5[[#This Row],[Column5]]&" "&Table5[[#This Row],[Column7]]&" " -> Ms. Maurya
A76: Id74 | B76: Stiger | C76: =B76&" "&F76 -> Stiger | D76: =Table5[[#This Row],[Column5]]&" "&Table5[[#This Row],[Column7]]&" " -> Ms. Samantha | E76: C
A77: Id75 | B77: Caldwell | C77: =B77&" "&F77 -> Caldwell | D77: =Table5[[#This Row],[Column5]]&" "&Table5[[#This Row],[Column7]]&" " -> Ms. Bethany | E77: A
A78: Id76 | B78: Marmillod | C78: =B78&" "&F78 -> Marmillod | D78: =Table5[[#This Row],[Column5]]&" "&Table5[[#This Row],[Column7]]&" " -> Mr. Yves
A79: Id77 | B79: Cloutier-Simons | C79: =B79&" "&F79 -> Cloutier-Simons | D79: =Table5[[#This Row],[Column5]]&" "&Table5[[#This Row],[Column7]]&" " -> Ms. Danielle
A80: Id78 | B80: Vegas | C80: =B80&" "&F80 -> Vegas | D80: =Table5[[#This Row],[Column5]]&" "&Table5[[#This Row],[Column7]]&" " -> Ms. Julia
A81: Id79 | B81: Cochran | C81: =B81&" "&F81 -> Cochran | D81: =Table5[[#This Row],[Column5]]&" "&Table5[[#This Row],[Column7]]&" " -> Mr. Joshua
A82: Id80 | B82: Holtzapple | C82: =B82&" "&F82 -> Holtzapple | D82: =Table5[[#This Row],[Column5]]&" "&Table5[[#This Row],[Column7]]&" " -> Ms. Jennifer
A83: Id81 | B83: Meyer | C83: =B83&" "&F83 -> Meyer | D83: =Table5[[#This Row],[Column5]]&" "&Table5[[#This Row],[Column7]]&" " -> Ms. Gwen | E83: M.
A84: Id82 | B84: Brickley | C84: =B84&" "&F84 -> Brickley | D84: =Table5[[#This Row],[Column5]]&" "&Table5[[#This Row],[Column7]]&" " -> Mr. Patrick
A85: Id83 | B85: Magee | C85: =B85&" "&F85 -> Magee | D85: =Table5[[#This Row],[Column5]]&" "&Table5[[#This Row],[Column7]]&" " -> Ms. Kate
A86: Id84 | B86: Thoma | C86: =B86&" "&F86 -> Thoma | D86: =Table5[[#This Row],[Column5]]&" "&Table5[[#This Row],[Column7]]&" " -> Mr. Kevin
A87: Id85 | B87: Heagy | C87: =B87&" "&F87 -> Heagy | D87: =Table5[[#This Row],[Column5]]&" "&Table5[[#This Row],[Column7]]&" " -> Mr. Stephen | E87: II
A88: Id86 | B88: Regnier | C88: =B88&" "&F88 -> Regnier | D88: =Table5[[#This Row],[Column5]]&" "&Table5[[#This Row],[Column7]]&" " -> Mr. Philip
A89: Id87 | B89: Parendo | C89: =B89&" "&F89 -> Parendo | D89: =Table5[[#This Row],[Column5]]&" "&Table5[[#This Row],[Column7]]&" " -> Mr. Brett | E89: A
A90: Id88 | B90: Schell | C90: =B90&" "&F90 -> Schell | D90: =Table5[[#This Row],[Column5]]&" "&Table5[[#This Row],[Column7]]&" " -> Ms. Rebecca
A91: Id89 | B91: Driscoll | C91: =B91&" "&F91 -> Driscoll | D91: =Table5[[#This Row],[Column5]]&" "&Table5[[#This Row],[Column7]]&" " -> Ms. Kelley
A92: Id90 | B92: Mitchell | C92: =B92&" "&F92 -> Mitchell | D92: =Table5[[#This Row],[Column5]]&" "&Table5[[#This Row],[Column7]]&" " -> Ms. Abigail | E92: K
A93: Id91 | B93: Cutler | C93: =B93&" "&F93 -> Cutler | D93: =Table5[[#This Row],[Column5]]&" "&Table5[[#This Row],[Column7]]&" " -> Ms. Hope
A94: Id92 | B94: Derian | C94: =B94&" "&F94 -> Derian | D94: =Table5[[#This Row],[Column5]]&" "&Table5[[#This Row],[Column7]]&" " -> Ms. Elyse | E94: M.
A95: Id93 | B95: Farina | C95: =B95&" "&F95 -> Farina | D95: =Table5[[#This Row],[Column5]]&" "&Table5[[#This Row],[Column7]]&" " -> Mr. Nicholas
A96: Id94 | B96: Saunders | C96: =B96&" "&F96 -> Saunders | D96: =Table5[[#This Row],[Column5]]&" "&Table5[[#This Row],[Column7]]&" " -> Mr. David
A97: Id95 | B97: Kratz | C97: =B97&" "&F97 -> Kratz | D97: =Table5[[#This Row],[Column5]]&" "&Table5[[#This Row],[Column7]]&" " -> Ms. Natalie
A98: Id96 | B98: Boland | C98: =B98&" "&F98 -> Boland | D98: =Table5[[#This Row],[Column5]]&" "&Table5[[#This Row],[Column7]]&" " -> Mr. Thomas
A99: Id97 | B99: Van | C99: =B99&" "&F99 -> Van | D99: Ms.Pamela | E99: Pamela
A100: Id98 | B100: Ramsey | C100: =B100&" "&F100 -> Ramsey | D100: =Table5[[#This Row],[Column5]]&" "&Table5[[#This Row],[Column7]]&" " -> Ms. Jessica
...

Sheet Medical Examinations
A1: Customer ID | B1: BMI | C1: Weight status | D1: HBA1C | E1: Column1 | F1: Heart Issues | G1: Any Transplants | H1: Cancer history | I1: NumberOfMajorSurgeries | J1: smoker
A2: Id1 | B2: 47.41 | C2: =IF(Table2[[#This Row],[BMI]]<18.5,"under weight ",IF(Table2[[#This Row],[BMI]]<24.9,"normal weight",IF(Table2[[#This Row],[BMI]]<30,"over weight",IF(Table2[[#This Row],[BMI]]>29.9," obesity ")))) -> obesity | D2: 7.47 | E2: =IF(Table2[[#This Row],[HBA1C]]<5.7,"normal ",IF(Table2[[#This Row],[HBA1C]]<6.5,"prediabetes",IF(Table2[[#This Row],[HBA1C]]=6.5>6.5,"diabetes "))) -> diabetes | F2: No | G2: No | H2: No | I2: 0 | J2: yes
A3: Id2 | B3: 30.36 | C3: =IF(Table2[[#This Row],[BMI]]<18.5,"under weight ",IF(Table2[[#This Row],[BMI]]<24.9,"normal weight",IF(Table2[[#This Row],[BMI]]<30,"over weight",IF(Table2[[#This Row],[BMI]]>29.9," obesity ")))) -> obesity | D3: 5.77 | E3: =IF(Table2[[#This Row],[HBA1C]]<5.7,"normal ",IF(Table2[[#This Row],[HBA1C]]<6.5,"prediabetes",IF(Table2[[#This Row],[HBA1C]]=6.5>6.5,"diabetes "))) -> prediabetes | F3: No | G3: No | H3: No | I3: 0 | J3: yes
A4: Id3 | B4: 34.485 | C4: =IF(Table2[[#This Row],[BMI]]<18.5,"under weight ",IF(Table2[[#This Row],[BMI]]<24.9,"normal weight",IF(Table2[[#This Row],[BMI]]<30,"over weight",IF(Table2[[#This Row],[BMI]]>29.9," obesity ")))) -> obesity | D4: 11.87 | E4: =IF(Table2[[#This Row],[HBA1C]]<5.7,"normal ",IF(Table2[[#This Row],[HBA1C]]<6.5,"prediabetes",IF(Table2[[#This Row],[HBA1C]]=6.5>6.5,"diabetes "))) -> diabetes | F4: yes | G4: No | H4: No | I4: 2 | J4: yes | M4: =COUNTIF(Table2[Customer ID],"?") -> 0
A5: Id4 | B5: 38.095 | C5: =IF(Table2[[#This Row],[BMI]]<18.5,"under weight ",IF(Table2[[#This Row],[BMI]]<24.9,"normal weight",IF(Table2[[#This Row],[BMI]]<30,"over weight",IF(Table2[[#This Row],[BMI]]>29.9," obesity ")))) -> obesity | D5: 6.05 | E5: =IF(Table2[[#This Row],[HBA1C]]<5.7,"normal ",IF(Table2[[#This Row],[HBA1C]]<6.5,"prediabetes",IF(Table2[[#This Row],[HBA1C]]=6.5>6.5,"diabetes "))) -> prediabetes | F5: No | G5: No | H5: No | I5: 0 | J5: yes | M5: =COUNTIF(Table2[BMI],"?") -> 0
A6: Id5 | B6: 35.53 | C6: =IF(Table2[[#This Row],[BMI]]<18.5,"under weight ",IF(Table2[[#This Row],[BMI]]<24.9,"normal weight",IF(Table2[[#This Row],[BMI]]<30,"over weight",IF(Table2[[#This Row],[BMI]]>29.9," obesity ")))) -> obesity | D6: 5.45 | E6: =IF(Table2[[#This Row],[HBA1C]]<5.7,"normal ",IF(Table2[[#This Row],[HBA1C]]<6.5,"prediabetes",IF(Table2[[#This Row],[HBA1C]]=6.5>6.5,"diabetes "))) -> normal | F6: No | G6: No | H6: No | I6: 0 | J6: yes | M6: =COUNTIF(Table2[HBA1C],"?") -> 0
A7: Id6 | B7: 32.8 | C7: =IF(Table2[[#This Row],[BMI]]<18.5,"under weight ",IF(Table2[[#This Row],[BMI]]<24.9,"normal weight",IF(Table2[[#This Row],[BMI]]<30,"over weight",IF(Table2[[#This Row],[BMI]]>29.9," obesity ")))) -> obesity | D7: 6.59 | E7: =IF(Table2[[#This Row],[HBA1C]]<5.7,"normal ",IF(Table2[[#This Row],[HBA1C]]<6.5,"prediabetes",IF(Table2[[#This Row],[HBA1C]]=6.5>6.5,"diabetes "))) -> diabetes | F7: No | G7: No | H7: No | I7: 0 | J7: yes | M7: =COUNTIF(Table2[Heart Issues],"?") -> 0
A8: Id7 | B8: 36.4 | C8: =IF(Table2[[#This Row],[BMI]]<18.5,"under weight ",IF(Table2[[#This Row],[BMI]]<24.9,"normal weight",IF(Table2[[#This Row],[BMI]]<30,"over weight",IF(Table2[[#This Row],[BMI]]>29.9," obesity ")))) -> obesity | D8: 6.07 | E8: =IF(Table2[[#This Row],[HBA1C]]<5.7,"normal ",IF(Table2[[#This Row],[HBA1C]]<6.5,"prediabetes",IF(Table2[[#This Row],[HBA1C]]=6.5>6.5,"diabetes "))) -> prediabetes | F8: No | G8: No | H8: No | I8: 0 | J8: yes | M8: =COUNTIF(Table2[Any Transplants],"?") -> 0
A9: Id8 | B9: 36.96 | C9: =IF(Table2[[#This Row],[BMI]]<18.5,"under weight ",IF(Table2[[#This Row],[BMI]]<24.9,"normal weight",IF(Table2[[#This Row],[BMI]]<30,"over weight",IF(Table2[[#This Row],[BMI]]>29.9," obesity ")))) -> obesity | D9: 7.93 | E9: =IF(Table2[[#This Row],[HBA1C]]<5.7,"normal ",IF(Table2[[#This Row],[HBA1C]]<6.5,"prediabetes",IF(Table2[[#This Row],[HBA1C]]=6.5>6.5,"diabetes "))) -> diabetes | F9: No | G9: No | H9: No | I9: 3 | J9: yes | M9: =COUNTIF(Table2[Cancer history],"?") -> 0
A10: Id9 | B10: 41.14 | C10: =IF(Table2[[#This Row],[BMI]]<18.5,"under weight ",IF(Table2[[#This Row],[BMI]]<24.9,"normal weight",IF(Table2[[#This Row],[BMI]]<30,"over weight",IF(Table2[[#This Row],[BMI]]>29.9," obesity ")))) -> obesity | D10: 9.58 | E10: =IF(Table2[[#This Row],[HBA1C]]<5.7,"normal ",IF(Table2[[#This Row],[HBA1C]]<6.5,"prediabetes",IF(Table2[[#This Row],[HBA1C]]=6.5>6.5,"diabetes "))) -> diabetes | F10: yes | G10: No | H10: Yes | I10: 1 | J10: yes | M10: =COUNTIF(Table2[NumberOfMajorSurgeries],"?") -> 0
A11: Id10 | B11: 38.06 | C11: =IF(Table2[[#This Row],[BMI]]<18.5,"under weight ",IF(Table2[[#This Row],[BMI]]<24.9,"normal weight",IF(Table2[[#This Row],[BMI]]<30,"over weight",IF(Table2[[#This Row],[BMI]]>29.9," obesity ")))) -> obesity | D11: 10.79 | E11: =IF(Table2[[#This Row],[HBA1C]]<5.7,"normal ",IF(Table2[[#This Row],[HBA1C]]<6.5,"prediabetes",IF(Table2[[#This Row],[HBA1C]]=6.5>6.5,"diabetes "))) -> diabetes | F11: No | G11: No | H11: No | I11: 0 | J11: yes | M11: =COUNTIF(Table2[smoker],"?") -> 0
A12: Id11 | B12: 37.7 | C12: =IF(Table2[[#This Row],[BMI]]<18.5,"under weight ",IF(Table2[[#This Row],[BMI]]<24.9,"normal weight",IF(Table2[[#This Row],[BMI]]<30,"over weight",IF(Table2[[#This Row],[BMI]]>29.9," obesity ")))) -> obesity | D12: 5.96 | E12: =IF(Table2[[#This Row],[HBA1C]]<5.7,"normal ",IF(Table2[[#This Row],[HBA1C]]<6.5,"prediabetes",IF(Table2[[#This Row],[HBA1C]]=6.5>6.5,"diabetes "))) -> prediabetes | F12: yes | G12: No | H12: No | I12: 2 | J12: yes | L12: Total count of "?" | M12: =SUM(M4:M11) -> 0
A13: Id12 | B13: 42.13 | C13: =IF(Table2[[#This Row],[BMI]]<18.5,"under weight ",IF(Table2[[#This Row],[BMI]]<24.9,"normal weight",IF(Table2[[#This Row],[BMI]]<30,"over weight",IF(Table2[[#This Row],[BMI]]>29.9," obesity ")))) -> obesity | D13: 11.9 | E13: =IF(Table2[[#This Row],[HBA1C]]<5.7,"normal ",IF(Table2[[#This Row],[HBA1C]]<6.5,"prediabetes",IF(Table2[[#This Row],[HBA1C]]=6.5>6.5,"diabetes "))) -> diabetes | F13: No | G13: No | H13: No | I13: 0 | J13: yes | K13: Smoker | L13: Yes | M13: =COUNTIF(Table2[smoker],"yes") -> 490
A14: Id13 | B14: 40.92 | C14: =IF(Table2[[#This Row],[BMI]]<18.5,"under weight ",IF(Table2[[#This Row],[BMI]]<24.9,"normal weight",IF(Table2[[#This Row],[BMI]]<30,"over weight",IF(Table2[[#This Row],[BMI]]>29.9," obesity ")))) -> obesity | D14: 8.41 | E14: =IF(Table2[[#This Row],[HBA1C]]<5.7,"normal ",IF(Table2[[#This Row],[HBA1C]]<6.5,"prediabetes",IF(Table2[[#This Row],[HBA1C]]=6.5>6.5,"diabetes "))) -> diabetes | F14: No | G14: No | H14: No | I14: 0 | J14: yes | L14: No | M14: =COUNTIF(J9,"no") -> 0
A15: Id14 | B15: 40.565 | C15: =IF(Table2[[#This Row],[BMI]]<18.5,"under weight ",IF(Table2[[#This Row],[BMI]]<24.9,"normal weight",IF(Table2[[#This Row],[BMI]]<30,"over weight",IF(Table2[[#This Row],[BMI]]>29.9," obesity ")))) -> obesity | D15: 7.02 | E15: =IF(Table2[[#This Row],[HBA1C]]<5.7,"normal ",IF(Table2[[#This Row],[HBA1C]]<6.5,"prediabetes",IF(Table2[[#This Row],[HBA1C]]=6.5>6.5,"diabetes "))) -> diabetes | F15: No | G15: No | H15: No | I15: 0 | J15: yes
A16: Id15 | B16: 36.385 | C16: =IF(Table2[[#This Row],[BMI]]<18.5,"under weight ",IF(Table2[[#This Row],[BMI]]<24.9,"normal weight",IF(Table2[[#This Row],[BMI]]<30,"over weight",IF(Table2[[#This Row],[BMI]]>29.9," obesity ")))) -> obesity | D16: 7.59 | E16: =IF(Table2[[#This Row],[HBA1C]]<5.7,"normal ",IF(Table2[[#This Row],[HBA1C]]<6.5,"prediabetes",IF(Table2[[#This Row],[HBA1C]]=6.5>6.5,"diabetes "))) -> diabetes | F16: yes | G16: No | H16: No | I16: 2 | J16: yes
A17: Id16 | B17: 39.9 | C17: =IF(Table2[[#This Row],[BMI]]<18.5,"under weight ",IF(Table2[[#This Row],[BMI]]<24.9,"normal weight",IF(Table2[[#This Row],[BMI]]<30,"over weight",IF(Table2[[#This Row],[BMI]]>29.9," obesity ")))) -> obesity | D17: 11.32 | E17: =IF(Table2[[#This Row],[HBA1C]]<5.7,"normal ",IF(Table2[[#This Row],[HBA1C]]<6.5,"prediabetes",IF(Table2[[#This Row],[HBA1C]]=6.5>6.5,"diabetes "))) -> diabetes | F17: No | G17: No | H17: No | I17: 0 | J17: yes
A18: Id17 | B18: 33.8 | C18: =IF(Table2[[#This Row],[BMI]]<18.5,"under weight ",IF(Table2[[#This Row],[BMI]]<24.9,"normal weight",IF(Table2[[#This Row],[BMI]]<30,"over weight",IF(Table2[[#This Row],[BMI]]>29.9," obesity ")))) -> obesity | D18: 7.67 | E18: =IF(Table2[[#This Row],[HBA1C]]<5.7,"normal ",IF(Table2[[#This Row],[HBA1C]]<6.5,"prediabetes",IF(Table2[[#This Row],[HBA1C]]=6.5>6.5,"diabetes "))) -> diabetes | F18: No | G18: No | H18: No | I18: 3 | J18: yes
A19: Id18 | B19: 36.765 | C19: =IF(Table2[[#This Row],[BMI]]<18.5,"under weight ",IF(Table2[[#This Row],[BMI]]<24.9,"normal weight",IF(Table2[[#This Row],[BMI]]<30,"over weight",IF(Table2[[#This Row],[BMI]]>29.9," obesity ")))) -> obesity | D19: 7.29 | E19: =IF(Table2[[#This Row],[HBA1C]]<5.7,"normal ",IF(Table2[[#This Row],[HBA1C]]<6.5,"prediabetes",IF(Table2[[#This Row],[HBA1C]]=6.5>6.5,"diabetes "))) -> diabetes | F19: yes | G19: No | H19: Yes | I19: 1 | J19: yes
A20: Id19 | B20: 36.955 | C20: =IF(Table2[[#This Row],[BMI]]<18.5,"under weight ",IF(Table2[[#This Row],[BMI]]<24.9,"normal weight",IF(Table2[[#This Row],[BMI]]<30,"over weight",IF(Table2[[#This Row],[BMI]]>29.9," obesity ")))) -> obesity | D20: 4.72 | E20: =IF(Table2[[#This Row],[HBA1C]]<5.7,"normal ",IF(Table2[[#This Row],[HBA1C]]<6.5,"prediabetes",IF(Table2[[#This Row],[HBA1C]]=6.5>6.5,"diabetes "))) -> normal | F20: yes | G20: No | H20: No | I20: 1 | J20: yes
A21: Id20 | B21: 42.9 | C21: =IF(Table2[[#This Row],[BMI]]<18.5,"under weight ",IF(Table2[[#This Row],[BMI]]<24.9,"normal weight",IF(Table2[[#This Row],[BMI]]<30,"over weight",IF(Table2[[#This Row],[BMI]]>29.9," obesity ")))) -> obesity | D21: 11.41 | E21: =IF(Table2[[#This Row],[HBA1C]]<5.7,"normal ",IF(Table2[[#This Row],[HBA1C]]<6.5,"prediabetes",IF(Table2[[#This Row],[HBA1C]]=6.5>6.5,"diabetes "))) -> diabetes | F21: No | G21: No | H21: No | I21: 0 | J21: yes
A22: Id21 | B22: 36.3 | C22: =IF(Table2[[#This Row],[BMI]]<18.5,"under weight ",IF(Table2[[#This Row],[BMI]]<24.9,"normal weight",IF(Table2[[#This Row],[BMI]]<30,"over weight",IF(Table2[[#This Row],[BMI]]>29.9," obesity ")))) -> obesity | D22: 11.5 | E22: =IF(Table2[[#This Row],[HBA1C]]<5.7,"normal ",IF(Table2[[#This Row],[HBA1C]]<6.5,"prediabetes",IF(Table2[[#This Row],[HBA1C]]=6.5>6.5,"diabetes "))) -> diabetes | F22: yes | G22: No | H22: No | I22: 2 | J22: yes
A23: Id22 | B23: 32.2 | C23: =IF(Table2[[#This Row],[BMI]]<18.5,"under weight ",IF(Table2[[#This Row],[BMI]]<24.9,"normal weight",IF(Table2[[#This Row],[BMI]]<30,"over weight",IF(Table2[[#This Row],[BMI]]>29.9," obesity ")))) -> obesity | D23: 6.22 | E23: =IF(Table2[[#This Row],[HBA1C]]<5.7,"normal ",IF(Table2[[#This Row],[HBA1C]]<6.5,"prediabetes",IF(Table2[[#This Row],[HBA1C]]=6.5>6.5,"diabetes "))) -> prediabetes | F23: yes | G23: No | H23: No | I23: 2 | J23: yes
A24: Id23 | B24: 31.3 | C24: =IF(Table2[[#This Row],[BMI]]<18.5,"under weight ",IF(Table2[[#This Row],[BMI]]<24.9,"normal weight",IF(Table2[[#This Row],[BMI]]<30,"over weight",IF(Table2[[#This Row],[BMI]]>29.9," obesity ")))) -> obesity | D24: 11.38 | E24: =IF(Table2[[#This Row],[HBA1C]]<5.7,"normal ",IF(Table2[[#This Row],[HBA1C]]<6.5,"prediabetes",IF(Table2[[#This Row],[HBA1C]]=6.5>6.5,"diabetes "))) -> diabetes | F24: No | G24: No | H24: No | I24: 3 | J24: yes
A25: Id24 | B25: 41.8 | C25: =IF(Table2[[#This Row],[BMI]]<18.5,"under weight ",IF(Table2[[#This Row],[BMI]]<24.9,"normal weight",IF(Table2[[#This Row],[BMI]]<30,"over weight",IF(Table2[[#This Row],[BMI]]>29.9," obesity ")))) -> obesity | D25: 7.89 | E25: =IF(Table2[[#This Row],[HBA1C]]<5.7,"normal ",IF(Table2[[#This Row],[HBA1C]]<6.5,"prediabetes",IF(Table2[[#This Row],[HBA1C]]=6.5>6.5,"diabetes "))) -> diabetes | F25: yes | G25: No | H25: No | I25: 2 | J25: yes
A26: Id25 | B26: 35.09 | C26: =IF(Table2[[#This Row],[BMI]]<18.5,"under weight ",IF(Table2[[#This Row],[BMI]]<24.9,"normal weight",IF(Table2[[#This Row],[BMI]]<30,"over weight",IF(Table2[[#This Row],[BMI]]>29.9," obesity ")))) -> obesity | D26: 4.38 | E26: =IF(Table2[[#This Row],[HBA1C]]<5.7,"normal ",IF(Table2[[#This Row],[HBA1C]]<6.5,"prediabetes",IF(Table2[[#This Row],[HBA1C]]=6.5>6.5,"diabetes "))) -> normal | F26: yes | G26: No | H26: No | I26: 2 | J26: yes
... A2336: Id2335 | B2336: 17.58 | C2336: =IF(Table2[[#This Row],[BMI]]<18.5,"under weight ",IF(Table2[[#This Row],[BMI]]<24.9,"normal weight",IF(Table2[[#This Row],[BMI]]<30,"over weight",IF(Table2[[#This Row],[BMI]]>29.9," obesity ")))) -> under weight | D2336: 4.51 | E2336: =IF(Table2[[#This Row],[HBA1C]]<5.7,"normal ",IF(Table2[[#This Row],[HBA1C]]<6.5,"prediabetes",IF(Table2[[#This Row],[HBA1C]]=6.5>6.5,"diabetes "))) -> normal | F2336: No | G2336: No | H2336: No | I2336: 1 | J2336: No

Sheet Hospitalisation Details
A1: Customer ID | B1: year | C1: month | D1: date | E1: DOB | F1: Age | G1: children | H1: charges | I1: Hospital tier | J1: City tier | K1: State ID
A2: Id2335 | B2: 1992 | C2: Jul | D2: 9 | E2: =Table1[[#This Row],[date]]&" "&Table1[[#This Row],[month]]&" "&Table1[[#This Row],[year]] -> 9 Jul 1992 | F2: =DATEDIF(Table1[[#This Row],[DOB]],"8-6-2023","y") -> 30 | G2: 0 | H2: 563.84 | I2: tier - 2 | J2: tier - 3 | K2: R1013
A3: Id2334 | B3: 1992 | C3: Nov | D3: 30 | E3: =Table1[[#This Row],[date]]&" "&Table1[[#This Row],[month]]&" "&Table1[[#This Row],[year]] -> 30 Nov 1992 | F3: =DATEDIF(Table1[[#This Row],[DOB]],"8-6-2023","y") -> 30 | G3: 0 | H3: 570.62 | I3: tier - 2 | J3: tier - 1 | K3: R1013 | N3: =COUNTIF(A:A,"?") -> 6
A4: Id2333 | B4: 1993 | C4: Jun | D4: 30 | E4: =Table1[[#This Row],[date]]&" "&Table1[[#This Row],[month]]&" "&Table1[[#This Row],[year]] -> 30 Jun 1993 | F4: =DATEDIF(Table1[[#This Row],[DOB]],"8-6-2023","y") -> 29 | G4: 0 | H4: 600 | I4: tier - 2 | J4: tier - 1 | K4: R1013 | N4: =COUNTIF(B:B,"?") -> 0
A5: Id2332 | B5: 1992 | C5: Sep | D5: 13 | E5: =Table1[[#This Row],[date]]&" "&Table1[[#This Row],[month]]&" "&Table1[[#This Row],[year]] -> 13 Sep 1992 | F5: =DATEDIF(Table1[[#This Row],[DOB]],"8-6-2023","y") -> 30 | G5: 0 | H5: 604.54 | I5: tier - 3 | J5: tier - 3 | K5: R1013 | N5: =COUNTIF(C:C,"?") -> 0
A6: Id2331 | B6: 1998 | C6: Jul | D6: 27 | E6: =Table1[[#This Row],[date]]&" "&Table1[[#This Row],[month]]&" "&Table1[[#This Row],[year]] -> 27 Jul 1998 | F6: =DATEDIF(Table1[[#This Row],[DOB]],"8-6-2023","y") -> 24 | G6: 0 | H6: 637.26 | I6: tier - 3 | J6: tier - 3 | K6: R1013 | N6: =COUNTIF(D:D,"?") -> 0
A7: Id2330 | B7: 2001 | C7: Nov | D7: 20 | E7: =Table1[[#This Row],[date]]&" "&Table1[[#This Row],[month]]&" "&Table1[[#This Row],[year]] -> 20 Nov 2001 | F7: =DATEDIF(Table1[[#This Row],[DOB]],"8-6-2023","y") -> 21 | G7: 0 | H7: 646.14 | I7: tier - 3 | J7: tier - 3 | K7: R1012 | N7: =COUNTIF(D:D,"?") -> 0
A8: Id2329 | B8: 1993 | C8: Jun | D8: 1 | E8: =Table1[[#This Row],[date]]&" "&Table1[[#This Row],[month]]&" "&Table1[[#This Row],[year]] -> 1 Jun 1993 | F8: =DATEDIF(Table1[[#This Row],[DOB]],"8-6-2023","y") -> 30 | G8: 0 | H8: 650 | I8: tier - 3 | J8: tier - 3 | K8: R1013 | N8: =COUNTIF(F:F,"?") -> 0
A9: Id2328 | B9: 1995 | C9: Jul | D9: 4 | E9: =Table1[[#This Row],[date]]&" "&Table1[[#This Row],[month]]&" "&Table1[[#This Row],[year]] -> 4 Jul 1995 | F9: =DATEDIF(Table1[[#This Row],[DOB]],"8-6-2023","y") -> 27 | G9: 0 | H9: 650 | I9: tier - 3 | J9: tier - 3 | K9: R1013 | N9: =COUNTIF(Table1[children],"?") -> 0
A10: Id2327 | B10: 2002 | C10: Nov | D10: 29 | E10: =Table1[[#This Row],[date]]&" "&Table1[[#This Row],[month]]&" "&Table1[[#This Row],[year]] -> 29 Nov 2002 | F10: =DATEDIF(Table1[[#This Row],[DOB]],"8-6-2023","y") -> 20 | G10: 0 | H10: 668 | I10: tier - 3 | J10: tier - 2 | K10: R1012 | N10: =COUNTIF(I:I,"?") -> 0
A11: Id2326 | B11: 1997 | C11: Nov | D11: 9 | E11: =Table1[[#This Row],[date]]&" "&Table1[[#This Row],[month]]&" "&Table1[[#This Row],[year]] -> 9 Nov 1997 | F11: =DATEDIF(Table1[[#This Row],[DOB]],"8-6-2023","y") -> 25 | G11: 0 | H11: 670 | I11: tier - 3 | J11: tier - 3 | K11: R1013 | N11: =COUNTIF(Table1[charges],"?") -> 0
A12: Id2325 | B12: 2001 | C12: Sep | D12: 12 | E12: =Table1[[#This Row],[date]]&" "&Table1[[#This Row],[month]]&" "&Table1[[#This Row],[year]] -> 12 Sep 2001 | F12: =DATEDIF(Table1[[#This Row],[DOB]],"8-6-2023","y") -> 21 | G12: 0 | H12: 687.54 | I12: tier - 3 | J12: tier - 2 | K12: R1013 | N12: =COUNTIF(Table1[City tier],"?") -> 0
A13: Id2324 | B13: 1999 | C13: Dec | D13: 26 | E13: =Table1[[#This Row],[date]]&" "&Table1[[#This Row],[month]]&" "&Table1[[#This Row],[year]] -> 26 Dec 1999 | F13: =DATEDIF(Table1[[#This Row],[DOB]],"8-6-2023","y") -> 23 | G13: 0 | H13: 700 | I13: tier - 2 | J13: tier - 3 | K13: R1013 | N13: =COUNTIF(Table1[State ID],"?") -> 0
A14: Id2323 | B14: 1999 | C14: Dec | D14: 14 | E14: =Table1[[#This Row],[date]]&" "&Table1[[#This Row],[month]]&" "&Table1[[#This Row],[year]] -> 14 Dec 1999 | F14: =DATEDIF(Table1[[#This Row],[DOB]],"8-6-2023","y") -> 23 | G14: 0 | H14: 722.99 | I14: tier - 3 | J14: tier - 1 | K14: R1013 | M14: Total count of "?" | N14: =SUM(N3:N13) -> 6
A15: Id2322 | B15: 2002 | C15: sep | D15: 19 | E15: =Table1[[#This Row],[date]]&" "&Table1[[#This Row],[month]]&" "&Table1[[#This Row],[year]] -> 19 sep 2002 | F15: =DATEDIF(Table1[[#This Row],[DOB]],"8-6-2023","y") -> 20 | G15: 0 | H15: 750 | I15: tier - 3 | J15: tier - 1 | K15: R1012
A16: Id2321 | B16: 1993 | C16: Aug | D16: 9 | E16: =Table1[[#This Row],[date]]&" "&Table1[[#This Row],[month]]&" "&Table1[[#This Row],[year]] -> 9 Aug 1993 | F16: =DATEDIF(Table1[[#This Row],[DOB]],"8-6-2023","y") -> 29 | G16: 0 | H16: 760 | I16: tier - 3 | J16: tier - 1 | K16: R1013
A17: Id2320 | B17: 1996 | C17: Oct | D17: 22 | E17: =Table1[[#This Row],[date]]&" "&Table1[[#This Row],[month]]&" "&Table1[[#This Row],[year]] -> 22 Oct 1996 | F17: =DATEDIF(Table1[[#This Row],[DOB]],"8-6-2023","y") -> 26 | G17: 0 | H17: 760 | I17: tier - 3 | J17: tier - 3 | K17: R1013 | M17: Average | N17: =AVERAGE(Table1[year]) -> 1982.8417
A18: Id2319 | B18: 1993 | C18: Jun | D18: 28 | E18: =Table1[[#This Row],[date]]&" "&Table1[[#This Row],[month]]&" "&Table1[[#This Row],[year]] -> 28 Jun 1993 | F18: =DATEDIF(Table1[[#This Row],[DOB]],"8-6-2023","y") -> 29 | G18: 0 | H18: 770 | I18: tier - 3 | J18: tier - 3 | K18: R1013 | M18: Frequent - hospital tier | N18: =COUNTIF(Table1[Hospital tier],"tier - 3") -> 694 | O18: =COUNTIF(Table1[Hospital tier],"tier - 2") -> 1340 | P18: =COUNTIF(Table1[Hospital tier],"tier - 1") -> 309
A19: Id2318 | B19: 1996 | C19: sep | D19: 18 | E19: =Table1[[#This Row],[date]]&" "&Table1[[#This Row],[month]]&" "&Table1[[#This Row],[year]] -> 18 sep 1996 | F19: =DATEDIF(Table1[[#This Row],[DOB]],"8-6-2023","y") -> 26 | G19: 0 | H19: 770.38 | I19: tier - 3 | J19: tier - 2 | K19: R1012 | M19: City tier | N19: =COUNTIF(Table1[City tier],"tier - 1") -> 734 | O19: =COUNTIF(Table1[City tier],"tier - 2") -> 813 | P19: =COUNTIF(Table1[City tier],"tier - 3") -> 796
A20: Id2317 | B20: 1995 | C20: Dec | D20: 7 | E20: =Table1[[#This Row],[date]]&" "&Table1[[#This Row],[month]]&" "&Table1[[#This Row],[year]] -> 7 Dec 1995 | F20: =DATEDIF(Table1[[#This Row],[DOB]],"8-6-2023","y") -> 27 | G20: 0 | H20: 773.54 | I20: tier - 3 | J20: tier - 2 | K20: R1013
A21: Id2316 | B21: 2004 | C21: Oct | D21: 7 | E21: =Table1[[#This Row],[date]]&" "&Table1[[#This Row],[month]]&" "&Table1[[#This Row],[year]] -> 7 Oct 2004 | F21: =DATEDIF(Table1[[#This Row],[DOB]],"8-6-2023","y") -> 18 | G21: 0 | H21: 830.52 | I21: tier - 3 | J21: tier - 2 | K21: R1011
A22: Id2315 | B22: 2000 | C22: Nov | D22: 18 | E22: =Table1[[#This Row],[date]]&" "&Table1[[#This Row],[month]]&" "&Table1[[#This Row],[year]] -> 18 Nov 2000 | F22: =DATEDIF(Table1[[#This Row],[DOB]],"8-6-2023","y") -> 22 | G22: 0 | H22: 865.41 | I22: tier - 3 | J22: tier - 1 | K22: R1013
A23: Id2314 | B23: 1993 | C23: Nov | D23: 27 | E23: =Table1[[#This Row],[date]]&" "&Table1[[#This Row],[month]]&" "&Table1[[#This Row],[year]] -> 27 Nov 1993 | F23: =DATEDIF(Table1[[#This Row],[DOB]],"8-6-2023","y") -> 29 | G23: 0 | H23: 896.21 | I23: tier - 3 | J23: tier - 1 | K23: R1013
A24: Id2313 | B24: 1994 | C24: Oct | D24: 30 | E24: =Table1[[#This Row],[date]]&" "&Table1[[#This Row],[month]]&" "&Table1[[#This Row],[year]] -> 30 Oct 1994 | F24: =DATEDIF(Table1[[#This Row],[DOB]],"8-6-2023","y") -> 28 | G24: 0 | H24: 915.07 | I24: tier - 3 | J24: tier - 1 | K24: R1013
A25: Id2312 | B25: 1995 | C25: Oct | D25: 28 | E25: =Table1[[#This Row],[date]]&" "&Table1[[#This Row],[month]]&" "&Table1[[#This Row],[year]] -> 28 Oct 1995 | F25: =DATEDIF(Table1[[#This Row],[DOB]],"8-6-2023","y") -> 27 | G25: 0 | H25: 928.59 | I25: tier - 3 | J25: tier - 1 | K25: R1013
A26: Id2311 | B26: 2001 | C26: Aug | D26: 19 | E26: =Table1[[#This Row],[date]]&" "&Table1[[#This Row],[month]]&" "&Table1[[#This Row],[year]] -> 19 Aug 2001 | F26: =DATEDIF(Table1[[#This Row],[DOB]],"8-6-2023","y") -> 21 | G26: 0 | H26: 964.71 | I26: tier - 3 | J26: tier - 2 | K26: R1013
A27: Id2310 | B27: 1994 | C27: Nov | D27: 22 | E27: =Table1[[#This Row],[date]]&" "&Table1[[#This Row],[month]]&" "&Table1[[#This Row],[year]] -> 22 Nov 1994 | F27: =DATEDIF(Table1[[#This Row],[DOB]],"8-6-2023","y") -> 28 | G27: 0 | H27: 1006.65 | I27: tier - 3 | J27: tier - 2 | K27: R1013
A28: Id2309 | B28: 2000 | C28: Oct | D28: 9 | E28: =Table1[[#This Row],[date]]&" "&Table1[[#This Row],[month]]&" "&Table1[[#This Row],[year]] -> 9 Oct 2000 | F28: =DATEDIF(Table1[[#This Row],[DOB]],"8-6-2023","y") -> 22 | G28: 0 | H28: 1012 | I28: tier - 3 | J28: tier - 2 | K28: R1013
A29: Id2308 | B29: 1999 | C29: Aug | D29: 5 | E29: =Table1[[#This Row],[date]]&" "&Table1[[#This Row],[month]]&" "&Table1[[#This Row],[year]] -> 5 Aug 1999 | F29: =DATEDIF(Table1[[#This Row],[DOB]],"8-6-2023","y") -> 23 | G29: 0 | H29: 1019 | I29: tier - 3 | J29: tier - 2 | K29: R1013
A30: Id2307 | B30: 1995 | C30: Oct | D30: 5 | E30: =Table1[[#This Row],[date]]&" "&Table1[[#This Row],[month]]&" "&Table1[[#This Row],[year]] -> 5 Oct 1995 | F30: =DATEDIF(Table1[[#This Row],[DOB]],"8-6-2023","y") -> 27 | G30: 0 | H30: 1033.74 | I30: tier - 3 | J30: tier - 1 | K30: R1013
A31: Id2306 | B31: 1994 | C31: Nov | D31: 17 | E31: =Table1[[#This Row],[date]]&" "&Table1[[#This Row],[month]]&" "&Table1[[#This Row],[year]] -> 17 Nov 1994 | F31: =DATEDIF(Table1[[#This Row],[DOB]],"8-6-2023","y") -> 28 | G31: 0 | H31: 1044 | I31: tier - 3 | J31: tier - 2 | K31: R1013
... A2344: Id1 | B2344: 1968 | C2344: Oct | D2344: 12 | E2344: =Table1[[#This Row],[date]]&" "&Table1[[#This Row],[month]]&" "&Table1[[#This Row],[year]] -> 12 Oct 1968 | F2344: =DATEDIF(Table1[[#This Row],[DOB]],"8-6-2023","y") -> 54 | G2344: 0 | H2344: 63770.43 | I2344: tier - 1 | J2344: tier - 3 | K2344: R1013

Sheet Healthcare 
A1: Customer ID | B1: Name | C1: Weight | D1: Weight status | E1: HBA1C | F1: Diabetes status | G1: Heart Issues | H1: Any Transplants | I1: Cancer history | J1: NumberOfMajorSurgeries | K1: smoker | L1: DOB | M1: Age | N1: charges | O1: Hospital tier | P1: City tier | Q1: State ID
A2: Id1 | B2: =VLOOKUP(Table3[[#This Row],[Customer ID]],'Customer name 1'!1:$1048576,4,FALSE()) -> Ms. Kelly | C2: =VLOOKUP(Table3[[#This Row],[Customer ID]],'Medical Examinations'!$1:$1048576,2,FALSE()) -> 47.41 | D2: =VLOOKUP(Table3[[#This Row],[Customer ID]],'Medical Examinations'!$1:$1048576,3,FALSE()) -> obesity | E2: =VLOOKUP(Table3[[#This Row],[Customer ID]],'Medical Examinations'!$1:$1048576,4,FALSE()) -> 7.47 | F2: =VLOOKUP(Table3[[#This Row],[Customer ID]],'Medical Examinations'!$1:$1048576,5,FALSE()) -> diabetes | G2: =VLOOKUP(Table3[[#This Row],[Customer ID]],'Medical Examinations'!$1:$1048576,6,FALSE()) -> No | H2: =VLOOKUP(Table3[[#This Row],[Customer ID]],'Medical Examinations'!$1:$1048576,7,FALSE()) -> No | I2: =VLOOKUP(Table3[[#This Row],[Customer ID]],'Medical Examinations'!$1:$1048576,8,FALSE()) -> No | J2: =VLOOKUP(Table3[[#This Row],[Customer ID]],'Medical Examinations'!$1:$1048576,9,FALSE()) -> 0 | K2: =VLOOKUP(Table3[[#This Row],[Customer ID]],'Medical Examinations'!$1:$1048576,10,FALSE()) -> yes | L2: =VLOOKUP(Table3[[#This Row],[Customer ID]],'Hospitalisation Details'!1:$1048576,5,FALSE()) -> 12 Oct 1968 | M2: =VLOOKUP(Table3[[#This Row],[Customer ID]],'Hospitalisation Details'!1:$1048576,6,FALSE()) -> 54 | N2: =VLOOKUP(Table3[[#This Row],[Customer ID]],'Hospitalisation Details'!1:$1048576,8,FALSE()) -> 63770.43 | O2: =VLOOKUP(Table3[[#This Row],[Customer ID]],'Hospitalisation Details'!1:$1048576,9,FALSE()) -> tier - 1 | P2: =VLOOKUP(Table3[[#This Row],[Customer ID]],'Hospitalisation Details'!1:$1048576,10,FALSE()) -> tier - 3 | Q2: =VLOOKUP(Table3[[#This Row],[Customer ID]],'Hospitalisation Details'!1:$1048576,11,FALSE()) -> R1013
A3: Id2 | B3: =VLOOKUP(Table3[[#This Row],[Customer ID]],'Customer name 1'!2:$1048576,4,FALSE()) -> Mr. Matthew | C3: =VLOOKUP(Table3[[#This Row],[Customer ID]],'Medical Examinations'!$1:$1048576,2,FALSE()) -> 30.36 | D3: =VLOOKUP(Table3[[#This Row],[Customer ID]],'Medical Examinations'!$1:$1048576,3,FALSE()) -> obesity | E3: =VLOOKUP(Table3[[#This Row],[Customer ID]],'Medical Examinations'!$1:$1048576,4,FALSE()) -> 5.77 | F3: =VLOOKUP(Table3[[#This Row],[Customer ID]],'Medical Examinations'!$1:$1048576,5,FALSE()) -> prediabetes | G3: =VLOOKUP(Table3[[#This Row],[Customer ID]],'Medical Examinations'!$1:$1048576,6,FALSE()) -> No | H3: =VLOOKUP(Table3[[#This Row],[Customer ID]],'Medical Examinations'!$1:$1048576,7,FALSE()) -> No | I3: =VLOOKUP(Table3[[#This Row],[Customer ID]],'Medical Examinations'!$1:$1048576,8,FALSE()) -> No | J3: =VLOOKUP(Table3[[#This Row],[Customer ID]],'Medical Examinations'!$1:$1048576,9,FALSE()) -> 0 | K3: =VLOOKUP(Table3[[#This Row],[Customer ID]],'Medical Examinations'!$1:$1048576,10,FALSE()) -> yes | L3: =VLOOKUP(Table3[[#This Row],[Customer ID]],'Hospitalisation Details'!2:$1048576,5,FALSE()) -> 8 Jun 1977 | M3: =VLOOKUP(Table3[[#This Row],[Customer ID]],'Hospitalisation Details'!2:$1048576,6,FALSE()) -> 46 | N3: =VLOOKUP(Table3[[#This Row],[Customer ID]],'Hospitalisation Details'!2:$1048576,8,FALSE()) -> 62592.87 | O3: =VLOOKUP(Table3[[#This Row],[Customer ID]],'Hospitalisation Details'!2:$1048576,9,FALSE()) -> tier - 2 | P3: =VLOOKUP(Table3[[#This Row],[Customer ID]],'Hospitalisation Details'!2:$1048576,10,FALSE()) -> tier - 3 | Q3: =VLOOKUP(Table3[[#This Row],[Customer ID]],'Hospitalisation Details'!2:$1048576,11,FALSE()) -> R1013
A4: Id3 | B4: =VLOOKUP(Table3[[#This Row],[Customer ID]],'Customer name 1'!3:$1048576,4,FALSE()) -> Mr. Phil | C4: =VLOOKUP(Table3[[#This Row],[Customer ID]],'Medical Examinations'!$1:$1048576,2,FALSE()) -> 34.485 | D4: =VLOOKUP(Table3[[#This Row],[Customer ID]],'Medical Examinations'!$1:$1048576,3,FALSE()) -> obesity | E4: =VLOOKUP(Table3[[#This Row],[Customer ID]],'Medical Examinations'!$1:$1048576,4,FALSE()) -> 11.87 | F4: =VLOOKUP(Table3[[#This Row],[Customer ID]],'Medical Examinations'!$1:$1048576,5,FALSE()) -> diabetes | G4: =VLOOKUP(Table3[[#This Row],[Customer ID]],'Medical Examinations'!$1:$1048576,6,FALSE()) -> yes | H4: =VLOOKUP(Table3[[#This Row],[Customer ID]],'Medical Examinations'!$1:$1048576,7,FALSE()) -> No | I4: =VLOOKUP(Table3[[#This Row],[Customer ID]],'Medical Examinations'!$1:$1048576,8,FALSE()) -> No | J4: =VLOOKUP(Table3[[#This Row],[Customer ID]],'Medical Examinations'!$1:$1048576,9,FALSE()) -> 2 | K4: =VLOOKUP(Table3[[#This Row],[Customer ID]],'Medical Examinations'!$1:$1048576,10,FALSE()) -> yes | L4: =VLOOKUP(Table3[[#This Row],[Customer ID]],'Hospitalisation Details'!3:$1048576,5,FALSE()) -> 11 sep 1970 | M4: =VLOOKUP(Table3[[#This Row],[Customer ID]],'Hospitalisation Details'!3:$1048576,6,FALSE()) -> 52 | N4: =VLOOKUP(Table3[[#This Row],[Customer ID]],'Hospitalisation Details'!3:$1048576,8,FALSE()) -> 60021.4 | O4: =VLOOKUP(Table3[[#This Row],[Customer ID]],'Hospitalisation Details'!3:$1048576,9,FALSE()) -> tier - 1 | P4: =VLOOKUP(Table3[[#This Row],[Customer ID]],'Hospitalisation Details'!3:$1048576,10,FALSE()) -> tier - 1 | Q4: =VLOOKUP(Table3[[#This Row],[Customer ID]],'Hospitalisation Details'!3:$1048576,11,FALSE()) -> R1012
A5: Id4 | B5: =VLOOKUP(Table3[[#This Row],[Customer ID]],'Customer name 1'!4:$1048576,4,FALSE()) -> Ms. Kelsey | C5: =VLOOKUP(Table3[[#This Row],[Customer ID]],'Medical Examinations'!$1:$1048576,2,FALSE()) -> 38.095 | D5: =VLOOKUP(Table3[[#This Row],[Customer ID]],'Medical Examinations'!$1:$1048576,3,FALSE()) -> obesity | E5: =VLOOKUP(Table3[[#This Row],[Customer ID]],'Medical Examinations'!$1:$1048576,4,FALSE()) -> 6.05 | F5: =VLOOKUP(Table3[[#This Row],[Customer ID]],'Medical Examinations'!$1:$1048576,5,FALSE()) -> prediabetes | G5: =VLOOKUP(Table3[[#This Row],[Customer ID]],'Medical Examinations'!$1:$1048576,6,FALSE()) -> No | H5: =VLOOKUP(Table3[[#This Row],[Customer ID]],'Medical Examinations'!$1:$1048576,7,FALSE()) -> No | I5: =VLOOKUP(Table3[[#This Row],[Customer ID]],'Medical Examinations'!$1:$1048576,8,FALSE()) -> No | J5: =VLOOKUP(Table3[[#This Row],[Customer ID]],'Medical Examinations'!$1:$1048576,9,FALSE()) -> 0 | K5: =VLOOKUP(Table3[[#This Row],[Customer ID]],'Medical Examinations'!$1:$1048576,10,FALSE()) -> yes | L5: =VLOOKUP(Table3[[#This Row],[Customer ID]],'Hospitalisation Details'!4:$1048576,5,FALSE()) -> 6 Jun 1991 | M5: =VLOOKUP(Table3[[#This Row],[Customer ID]],'Hospitalisation Details'!4:$1048576,6,FALSE()) -> 32 | N5: =VLOOKUP(Table3[[#This Row],[Customer ID]],'Hospitalisation Details'!4:$1048576,8,FALSE()) -> 58571.07 | O5: =VLOOKUP(Table3[[#This Row],[Customer ID]],'Hospitalisation Details'!4:$1048576,9,FALSE()) -> tier - 1 | P5: =VLOOKUP(Table3[[#This Row],[Customer ID]],'Hospitalisation Details'!4:$1048576,10,FALSE()) -> tier - 3 | Q5: =VLOOKUP(Table3[[#This Row],[Customer ID]],'Hospitalisation Details'!4:$1048576,11,FALSE()) -> R1024
A6: Id5 | B6: =VLOOKUP(Table3[[#This Row],[Customer ID]],'Customer name 1'!5:$1048576,4,FALSE()) -> Ms. Kristyn | C6: =VLOOKUP(Table3[[#This Row],[Customer ID]],'Medical Examinations'!$1:$1048576,2,FALSE()) -> 35.53 | D6: =VLOOKUP(Table3[[#This Row],[Customer ID]],'Medical Examinations'!$1:$1048576,3,FALSE()) -> obesity | E6: =VLOOKUP(Table3[[#This Row],[Customer ID]],'Medical Examinations'!$1:$1048576,4,FALSE()) -> 5.45 | F6: =VLOOKUP(Table3[[#This Row],[Customer ID]],'Medical Examinations'!$1:$1048576,5,FALSE()) -> normal | G6: =VLOOKUP(Table3[[#This Row],[Customer ID]],'Medical Examinations'!$1:$1048576,6,FALSE()) -> No | H6: =VLOOKUP(Table3[[#This Row],[Customer ID]],'Medical Examinations'!$1:$1048576,7,FALSE()) -> No | I6: =VLOOKUP(Table3[[#This Row],[Customer ID]],'Medical Examinations'!$1:$1048576,8,FALSE()) -> No | J6: =VLOOKUP(Table3[[#This Row],[Customer ID]],'Medical Examinations'!$1:$1048576,9,FALSE()) -> 0 | K6: =VLOOKUP(Table3[[#This Row],[Customer ID]],'Medical Examinations'!$1:$1048576,10,FALSE()) -> yes | L6: =VLOOKUP(Table3[[#This Row],[Customer ID]],'Hospitalisation Details'!5:$1048576,5,FALSE()) -> 19 Jun 1989 | M6: =VLOOKUP(Table3[[#This Row],[Customer ID]],'Hospitalisation Details'!5:$1048576,6,FALSE()) -> 33 | N6: =VLOOKUP(Table3[[#This Row],[Customer ID]],'Hospitalisation Details'!5:$1048576,8,FALSE()) -> 55135.4 | O6: =VLOOKUP(Table3[[#This Row],[Customer ID]],'Hospitalisation Details'!5:$1048576,9,FALSE()) -> tier - 1 | P6: =VLOOKUP(Table3[[#This Row],[Customer ID]],'Hospitalisation Details'!5:$1048576,10,FALSE()) -> tier - 2 | Q6: =VLOOKUP(Table3[[#This Row],[Customer ID]],'Hospitalisation Details'!5:$1048576,11,FALSE()) -> R1012
A7: Id6 | B7: =VLOOKUP(Table3[[#This Row],[Customer ID]],'Customer name 1'!6:$1048576,4,FALSE()) -> Mr. Russell | C7: =VLOOKUP(Table3[[#This Row],[Customer ID]],'Medical Examinations'!$1:$1048576,2,FALSE()) -> 32.8 | D7: =VLOOKUP(Table3[[#This Row],[Customer ID]],'Medical Examinations'!$1:$1048576,3,FALSE()) -> obesity | E7: =VLOOKUP(Table3[[#This Row],[Customer ID]],'Medical Examinations'!$1:$1048576,4,FALSE()) -> 6.59 | F7: =VLOOKUP(Table3[[#This Row],[Customer ID]],'Medical Examinations'!$1:$1048576,5,FALSE()) -> diabetes | G7: =VLOOKUP(Table3[[#This Row],[Customer ID]],'Medical Examinations'!$1:$1048576,6,FALSE()) -> No | H7: =VLOOKUP(Table3[[#This Row],[Customer ID]],'Medical Examinations'!$1:$1048576,7,FALSE()) -> No | I7: =VLOOKUP(Table3[[#This Row],[Customer ID]],'Medical Examinations'!$1:$1048576,8,FALSE()) -> No | J7: =VLOOKUP(Table3[[#This Row],[Customer ID]],'Medical Examinations'!$1:$1048576,9,FALSE()) -> 0 | K7: =VLOOKUP(Table3[[#This Row],[Customer ID]],'Medical Examinations'!$1:$1048576,10,FALSE()) -> yes | L7: =VLOOKUP(Table3[[#This Row],[Customer ID]],'Hospitalisation Details'!6:$1048576,5,FALSE()) -> 4 Aug 1962 | M7: =VLOOKUP(Table3[[#This Row],[Customer ID]],'Hospitalisation Details'!6:$1048576,6,FALSE()) -> 60 | N7: =VLOOKUP(Table3[[#This Row],[Customer ID]],'Hospitalisation Details'!6:$1048576,8,FALSE()) -> 52590.83 | O7: =VLOOKUP(Table3[[#This Row],[Customer ID]],'Hospitalisation Details'!6:$1048576,9,FALSE()) -> tier - 1 | P7: =VLOOKUP(Table3[[#This Row],[Customer ID]],'Hospitalisation Details'!6:$1048576,10,FALSE()) -> tier - 3 | Q7: =VLOOKUP(Table3[[#This Row],[Customer ID]],'Hospitalisation Details'!6:$1048576,11,FALSE()) -> R1011
A8: Id7 | B8: =VLOOKUP(Table3[[#This Row],[Customer ID]],'Customer name 1'!7:$1048576,4,FALSE()) -> Mr. Scott | C8: =VLOOKUP(Table3[[#This Row],[Customer ID]],'Medical Examinations'!$1:$1048576,2,FALSE()) -> 36.4 | D8: =VLOOKUP(Table3[[#This Row],[Customer ID]],'Medical Examinations'!$1:$1048576,3,FALSE()) -> obesity | E8: =VLOOKUP(Table3[[#This Row],[Customer ID]],'Medical Examinations'!$1:$1048576,4,FALSE()) -> 6.07 | F8: =VLOOKUP(Table3[[#This Row],[Customer ID]],'Medical Examinations'!$1:$1048576,5,FALSE()) -> prediabetes | G8: =VLOOKUP(Table3[[#This Row],[Customer ID]],'Medical Examinations'!$1:$1048576,6,FALSE()) -> No | H8: =VLOOKUP(Table3[[#This Row],[Customer ID]],'Medical Examinations'!$1:$1048576,7,FALSE()) -> No | I8: =VLOOKUP(Table3[[#This Row],[Customer ID]],'Medical Examinations'!$1:$1048576,8,FALSE()) -> No | J8: =VLOOKUP(Table3[[#This Row],[Customer ID]],'Medical Examinations'!$1:$1048576,9,FALSE()) -> 0 | K8: =VLOOKUP(Table3[[#This Row],[Customer ID]],'Medical Examinations'!$1:$1048576,10,FALSE()) -> yes | L8: =VLOOKUP(Table3[[#This Row],[Customer ID]],'Hospitalisation Details'!7:$1048576,5,FALSE()) -> 27 Oct 1994 | M8: =VLOOKUP(Table3[[#This Row],[Customer ID]],'Hospitalisation Details'!7:$1048576,6,FALSE()) -> 28 | N8: =VLOOKUP(Table3[[#This Row],[Customer ID]],'Hospitalisation Details'!7:$1048576,8,FALSE()) -> 51194.56 | O8: =VLOOKUP(Table3[[#This Row],[Customer ID]],'Hospitalisation Details'!7:$1048576,9,FALSE()) -> tier - 1 | P8: =VLOOKUP(Table3[[#This Row],[Customer ID]],'Hospitalisation Details'!7:$1048576,10,FALSE()) -> tier - 3 | Q8: =VLOOKUP(Table3[[#This Row],[Customer ID]],'Hospitalisation Details'!7:$1048576,11,FALSE()) -> R1011
A9: Id8 | B9: =VLOOKUP(Table3[[#This Row],[Customer ID]],'Customer name 1'!8:$1048576,4,FALSE()) -> Mr. Stephen | C9: =VLOOKUP(Table3[[#This Row],[Customer ID]],'Medical Examinations'!$1:$1048576,2,FALSE()) -> 36.96 | D9: =VLOOKUP(Table3[[#This Row],[Customer ID]],'Medical Examinations'!$1:$1048576,3,FALSE()) -> obesity | E9: =VLOOKUP(Table3[[#This Row],[Customer ID]],'Medical Examinations'!$1:$1048576,4,FALSE()) -> 7.93 | F9: =VLOOKUP(Table3[[#This Row],[Customer ID]],'Medical Examinations'!$1:$1048576,5,FALSE()) -> diabetes | G9: =VLOOKUP(Table3[[#This Row],[Customer ID]],'Medical Examinations'!$1:$1048576,6,FALSE()) -> No | H9: =VLOOKUP(Table3[[#This Row],[Customer ID]],'Medical Examinations'!$1:$1048576,7,FALSE()) -> No | I9: =VLOOKUP(Table3[[#This Row],[Customer ID]],'Medical Examinations'!$1:$1048576,8,FALSE()) -> No | J9: =VLOOKUP(Table3[[#This Row],[Customer ID]],'Medical Examinations'!$1:$1048576,9,FALSE()) -> 3 | K9: =VLOOKUP(Table3[[#This Row],[Customer ID]],'Medical Examinations'!$1:$1048576,10,FALSE()) -> yes | L9: =VLOOKUP(Table3[[#This Row],[Customer ID]],'Hospitalisation Details'!8:$1048576,5,FALSE()) -> 27 Jun 1958 | M9: =VLOOKUP(Table3[[#This Row],[Customer ID]],'Hospitalisation Details'!8:$1048576,6,FALSE()) -> 64 | N9: =VLOOKUP(Table3[[#This Row],[Customer ID]],'Hospitalisation Details'!8:$1048576,8,FALSE()) -> 49577.66 | O9: =VLOOKUP(Table3[[#This Row],[Customer ID]],'Hospitalisation Details'!8:$1048576,9,FALSE()) -> tier - 2 | P9: =VLOOKUP(Table3[[#This Row],[Customer ID]],'Hospitalisation Details'!8:$1048576,10,FALSE()) -> tier - 2 | Q9: =VLOOKUP(Table3[[#This Row],[Customer ID]],'Hospitalisation Details'!8:$1048576,11,FALSE()) -> R1013
A10: Id9 | B10: =VLOOKUP(Table3[[#This Row],[Customer ID]],'Customer name 1'!9:$1048576,4,FALSE()) -> Mr. Patrick | C10: =VLOOKUP(Table3[[#This Row],[Customer ID]],'Medical Examinations'!$1:$1048576,2,FALSE()) -> 41.14 | D10: =VLOOKUP(Table3[[#This Row],[Customer ID]],'Medical Examinations'!$1:$1048576,3,FALSE()) -> obesity | E10: =VLOOKUP(Table3[[#This Row],[Customer ID]],'Medical Examinations'!$1:$1048576,4,FALSE()) -> 9.58 | F10: =VLOOKUP(Table3[[#This Row],[Customer ID]],'Medical Examinations'!$1:$1048576,5,FALSE()) -> diabetes | G10: =VLOOKUP(Table3[[#This Row],[Customer ID]],'Medical Examinations'!$1:$1048576,6,FALSE()) -> yes | H10: =VLOOKUP(Table3[[#This Row],[Customer ID]],'Medical Examinations'!$1:$1048576,7,FALSE()) -> No | I10: =VLOOKUP(Table3[[#This Row],[Customer ID]],'Medical Examinations'!$1:$1048576,8,FALSE()) -> Yes | J10: =VLOOKUP(Table3[[#This Row],[Customer ID]],'Medical Examinations'!$1:$1048576,9,FALSE()) -> 1 | K10: =VLOOKUP(Table3[[#This Row],[Customer ID]],'Medical Examinations'!$1:$1048576,10,FALSE()) -> yes | L10: =VLOOKUP(Table3[[#This Row],[Customer ID]],'Hospitalisation Details'!9:$1048576,5,FALSE()) -> 4 Sep 1963 | M10: =VLOOKUP(Table3[[#This Row],[Customer ID]],'Hospitalisation Details'!9:$1048576,6,FALSE()) -> 59 | N10: =VLOOKUP(Table3[[#This Row],[Customer ID]],'Hospitalisation Details'!9:$1048576,8,FALSE()) -> 48970.25 | O10: =VLOOKUP(Table3[[#This Row],[Customer ID]],'Hospitalisation Details'!9:$1048576,9,FALSE()) -> tier - 1 | P10: =VLOOKUP(Table3[[#This Row],[Customer ID]],'Hospitalisation Details'!9:$1048576,10,FALSE()) -> tier - 2 | Q10: =VLOOKUP(Table3[[#This Row],[Customer ID]],'Hospitalisation Details'!9:$1048576,11,FALSE()) -> R1013
A11: Id10 | B11: =VLOOKUP(Table3[[#This Row],[Customer ID]],'Customer name 1'!10:$1048576,4,FALSE()) -> Ms. Brooke | C11: =VLOOKUP(Table3[[#This Row],[Customer ID]],'Medical Examinations'!$1:$1048576,2,FALSE()) -> 38.06 | D11: =VLOOKUP(Table3[[#This Row],[Customer ID]],'Medical Examinations'!$1:$1048576,3,FALSE()) -> obesity | E11: =VLOOKUP(Table3[[#This Row],[Customer ID]],'Medical Examinations'!$1:$1048576,4,FALSE()) -> 10.79 | F11: =VLOOKUP(Table3[[#This Row],[Customer ID]],'Medical Examinations'!$1:$1048576,5,FALSE()) -> diabetes | G11: =VLOOKUP(Table3[[#This Row],[Customer ID]],'Medical Examinations'!$1:$1048576,6,FALSE()) -> No | H11: =VLOOKUP(Table3[[#This Row],[Customer ID]],'Medical Examinations'!$1:$1048576,7,FALSE()) -> No | I11: =VLOOKUP(Table3[[#This Row],[Customer ID]],'Medical Examinations'!$1:$1048576,8,FALSE()) -> No | J11: =VLOOKUP(Table3[[#This Row],[Customer ID]],'Medical Examinations'!$1:$1048576,9,FALSE()) -> 0 | K11: =VLOOKUP(Table3[[#This Row],[Customer ID]],'Medical Examinations'!$1:$1048576,10,FALSE()) -> yes | L11: =VLOOKUP(Table3[[#This Row],[Customer ID]],'Hospitalisation Details'!10:$1048576,5,FALSE()) -> 29 Dec 1978 | M11: =VLOOKUP(Table3[[#This Row],[Customer ID]],'Hospitalisation Details'!10:$1048576,6,FALSE()) -> 44 | N11: =VLOOKUP(Table3[[#This Row],[Customer ID]],'Hospitalisation Details'!10:$1048576,8,FALSE()) -> 48885.14 | O11: =VLOOKUP(Table3[[#This Row],[Customer ID]],'Hospitalisation Details'!10:$1048576,9,FALSE()) -> tier - 1 | P11: =VLOOKUP(Table3[[#This Row],[Customer ID]],'Hospitalisation Details'!10:$1048576,10,FALSE()) -> tier - 2 | Q11: =VLOOKUP(Table3[[#This Row],[Customer ID]],'Hospitalisation Details'!10:$1048576,11,FALSE()) -> R1013
A12: Id11 | B12: =VLOOKUP(Table3[[#This Row],[Customer ID]],'Customer name 1'!11:$1048576,4,FALSE()) -> Ms. Paola | C12: =VLOOKUP(Table3[[#This Row],[Customer ID]],'Medical Examinations'!$1:$1048576,2,FALSE()) -> 37.7 | D12: =VLOOKUP(Table3[[#This Row],[Customer ID]],'Medical Examinations'!$1:$1048576,3,FALSE()) -> obesity | E12: =VLOOKUP(Table3[[#This Row],[Customer ID]],'Medical Examinations'!$1:$1048576,4,FALSE()) -> 5.96 | F12: =VLOOKUP(Table3[[#This Row],[Customer ID]],'Medical Examinations'!$1:$1048576,5,FALSE()) -> prediabetes | G12: =VLOOKUP(Table3[[#This Row],[Customer ID]],'Medical Examinations'!$1:$1048576,6,FALSE()) -> yes | H12: =VLOOKUP(Table3[[#This Row],[Customer ID]],'Medical Examinations'!$1:$1048576,7,FALSE()) -> No | I12: =VLOOKUP(Table3[[#This Row],[Customer ID]],'Medical Examinations'!$1:$1048576,8,FALSE()) -> No | J12: =VLOOKUP(Table3[[#This Row],[Customer ID]],'Medical Examinations'!$1:$1048576,9,FALSE()) -> 2 | K12: =VLOOKUP(Table3[[#This Row],[Customer ID]],'Medical Examinations'!$1:$1048576,10,FALSE()) -> yes | L12: =VLOOKUP(Table3[[#This Row],[Customer ID]],'Hospitalisation Details'!11:$1048576,5,FALSE()) -> 22 Jul 1959 | M12: =VLOOKUP(Table3[[#This Row],[Customer ID]],'Hospitalisation Details'!11:$1048576,6,FALSE()) -> 63 | N12: =VLOOKUP(Table3[[#This Row],[Customer ID]],'Hospitalisation Details'!11:$1048576,8,FALSE()) -> 48824.45 | O12: =VLOOKUP(Table3[[#This Row],[Customer ID]],'Hospitalisation Details'!11:$1048576,9,FALSE()) -> tier - 2 | P12: =VLOOKUP(Table3[[#This Row],[Customer ID]],'Hospitalisation Details'!11:$1048576,10,FALSE()) -> tier - 1 | Q12: =VLOOKUP(Table3[[#This Row],[Customer ID]],'Hospitalisation Details'!11:$1048576,11,FALSE()) -> R1011
A13: Id12 | B13: =VLOOKUP(Table3[[#This Row],[Customer ID]],'Customer name 1'!12:$1048576,4,FALSE()) -> Mr. David | C13: =VLOOKUP(Table3[[#This Row],[Customer ID]],'Medical Examinations'!$1:$1048576,2,FALSE()) -> 42.13 | D13: =VLOOKUP(Table3[[#This Row],[Customer ID]],'Medical Examinations'!$1:$1048576,3,FALSE()) -> obesity | E13: =VLOOKUP(Table3[[#This Row],[Customer ID]],'Medical Examinations'!$1:$1048576,4,FALSE()) -> 11.9 | F13: =VLOOKUP(Table3[[#This Row],[Customer ID]],'Medical Examinations'!$1:$1048576,5,FALSE()) -> diabetes | G13: =VLOOKUP(Table3[[#This Row],[Customer ID]],'Medical Examinations'!$1:$1048576,6,FALSE()) -> No | H13: =VLOOKUP(Table3[[#This Row],[Customer ID]],'Medical Examinations'!$1:$1048576,7,FALSE()) -> No | I13: =VLOOKUP(Table3[[#This Row],[Customer ID]],'Medical Examinations'!$1:$1048576,8,FALSE()) -> No | J13: =VLOOKUP(Table3[[#This Row],[Customer ID]],'Medical Examinations'!$1:$1048576,9,FALSE()) -> 0 | K13: =VLOOKUP(Table3[[#This Row],[Customer ID]],'Medical Examinations'!$1:$1048576,10,FALSE()) -> yes | L13: =VLOOKUP(Table3[[#This Row],[Customer ID]],'Hospitalisation Details'!12:$1048576,5,FALSE()) -> 27 Oct 1965 | M13: =VLOOKUP(Table3[[#This Row],[Customer ID]],'Hospitalisation Details'!12:$1048576,6,FALSE()) -> 57 | N13: =VLOOKUP(Table3[[#This Row],[Customer ID]],'Hospitalisation Details'!12:$1048576,8,FALSE()) -> 48675.52 | O13: =VLOOKUP(Table3[[#This Row],[Customer ID]],'Hospitalisation Details'!12:$1048576,9,FALSE()) -> tier - 1 | P13: =VLOOKUP(Table3[[#This Row],[Customer ID]],'Hospitalisation Details'!12:$1048576,10,FALSE()) -> tier - 2 | Q13: =VLOOKUP(Table3[[#This Row],[Customer ID]],'Hospitalisation Details'!12:$1048576,11,FALSE()) -> R1013
A14: Id13 | B14: =VLOOKUP(Table3[[#This Row],[Customer ID]],'Customer name 1'!13:$1048576,4,FALSE()) -> Mr. Wade | C14: =VLOOKUP(Table3[[#This Row],[Customer ID]],'Medical Examinations'!$1:$1048576,2,FALSE()) -> 40.92 | D14: =VLOOKUP(Table3[[#This Row],[Customer ID]],'Medical Examinations'!$1:$1048576,3,FALSE()) -> obesity | E14: =VLOOKUP(Table3[[#This Row],[Customer ID]],'Medical Examinations'!$1:$1048576,4,FALSE()) -> 8.41 | F14: =VLOOKUP(Table3[[#This Row],[Customer ID]],'Medical Examinations'!$1:$1048576,5,FALSE()) -> diabetes | G14: =VLOOKUP(Table3[[#This Row],[Customer ID]],'Medical Examinations'!$1:$1048576,6,FALSE()) -> No | H14: =VLOOKUP(Table3[[#This Row],[Customer ID]],'Medical Examinations'!$1:$1048576,7,FALSE()) -> No | I14: =VLOOKUP(Table3[[#This Row],[Customer ID]],'Medical Examinations'!$1:$1048576,8,FALSE()) -> No | J14: =VLOOKUP(Table3[[#This Row],[Customer ID]],'Medical Examinations'!$1:$1048576,9,FALSE()) -> 0 | K14: =VLOOKUP(Table3[[#This Row],[Customer ID]],'Medical Examinations'!$1:$1048576,10,FALSE()) -> yes | L14: =VLOOKUP(Table3[[#This Row],[Customer ID]],'Hospitalisation Details'!13:$1048576,5,FALSE()) -> 11 Oct 1962 | M14: =VLOOKUP(Table3[[#This Row],[Customer ID]],'Hospitalisation Details'!13:$1048576,6,FALSE()) -> 60 | N14: =VLOOKUP(Table3[[#This Row],[Customer ID]],'Hospitalisation Details'!13:$1048576,8,FALSE()) -> 48673.56 | O14: =VLOOKUP(Table3[[#This Row],[Customer ID]],'Hospitalisation Details'!13:$1048576,9,FALSE()) -> tier - 1 | P14: =VLOOKUP(Table3[[#This Row],[Customer ID]],'Hospitalisation Details'!13:$1048576,10,FALSE()) -> tier - 2 | Q14: =VLOOKUP(Table3[[#This Row],[Customer ID]],'Hospitalisation Details'!13:$1048576,11,FALSE()) -> R1013
A15: Id14 | B15: =VLOOKUP(Table3[[#This Row],[Customer ID]],'Customer name 1'!14:$1048576,4,FALSE()) -> Mr. Franklin | C15: =VLOOKUP(Table3[[#This Row],[Customer ID]],'Medical Examinations'!$1:$1048576,2,FALSE()) -> 40.565 | D15: =VLOOKUP(Table3[[#This Row],[Customer ID]],'Medical Examinations'!$1:$1048576,3,FALSE()) -> obesity | E15: =VLOOKUP(Table3[[#This Row],[Customer ID]],'Medical Examinations'!$1:$1048576,4,FALSE()) -> 7.02 | F15: =VLOOKUP(Table3[[#This Row],[Customer ID]],'Medical Examinations'!$1:$1048576,5,FALSE()) -> diabetes | G15: =VLOOKUP(Table3[[#This Row],[Customer ID]],'Medical Examinations'!$1:$1048576,6,FALSE()) -> No | H15: =VLOOKUP(Table3[[#This Row],[Customer ID]],'Medical Examinations'!$1:$1048576,7,FALSE()) -> No | I15: =VLOOKUP(Table3[[#This Row],[Customer ID]],'Medical Examinations'!$1:$1048576,8,FALSE()) -> No | J15: =VLOOKUP(Table3[[#This Row],[Customer ID]],'Medical Examinations'!$1:$1048576,9,FALSE()) -> 0 | K15: =VLOOKUP(Table3[[#This Row],[Customer ID]],'Medical Examinations'!$1:$1048576,10,FALSE()) -> yes | L15: =VLOOKUP(Table3[[#This Row],[Customer ID]],'Hospitalisation Details'!14:$1048576,5,FALSE()) -> 1 Dec 1968 | M15: =VLOOKUP(Table3[[#This Row],[Customer ID]],'Hospitalisation Details'!14:$1048576,6,FALSE()) -> 54 | N15: =VLOOKUP(Table3[[#This Row],[Customer ID]],'Hospitalisation Details'!14:$1048576,8,FALSE()) -> 48549.18 | O15: =VLOOKUP(Table3[[#This Row],[Customer ID]],'Hospitalisation Details'!14:$1048576,9,FALSE()) -> tier - 1 | P15: =VLOOKUP(Table3[[#This Row],[Customer ID]],'Hospitalisation Details'!14:$1048576,10,FALSE()) -> tier - 3 | Q15: =VLOOKUP(Table3[[#This Row],[Customer ID]],'Hospitalisation Details'!14:$1048576,11,FALSE()) -> R1016
A16: Id15 | B16: =VLOOKUP(Table3[[#This Row],[Customer ID]],'Customer name 1'!15:$1048576,4,FALSE()) -> Ms. Leilani | C16: =VLOOKUP(Table3[[#This Row],[Customer ID]],'Medical Examinations'!$1:$1048576,2,FALSE()) -> 36.385 | D16: =VLOOKUP(Table3[[#This Row],[Customer ID]],'Medical Examinations'!$1:$1048576,3,FALSE()) -> obesity | E16: =VLOOKUP(Table3[[#This Row],[Customer ID]],'Medical Examinations'!$1:$1048576,4,FALSE()) -> 7.59 | F16: =VLOOKUP(Table3[[#This Row],[Customer ID]],'Medical Examinations'!$1:$1048576,5,FALSE()) -> diabetes | G16: =VLOOKUP(Table3[[#This Row],[Customer ID]],'Medical Examinations'!$1:$1048576,6,FALSE()) -> yes | H16: =VLOOKUP(Table3[[#This Row],[Customer ID]],'Medical Examinations'!$1:$1048576,7,FALSE()) -> No | I16: =VLOOKUP(Table3[[#This Row],[Customer ID]],'Medical Examinations'!$1:$1048576,8,FALSE()) -> No | J16: =VLOOKUP(Table3[[#This Row],[Customer ID]],'Medical Examinations'!$1:$1048576,9,FALSE()) -> 2 | K16: =VLOOKUP(Table3[[#This Row],[Customer ID]],'Medical Examinations'!$1:$1048576,10,FALSE()) -> yes | L16: =VLOOKUP(Table3[[#This Row],[Customer ID]],'Hospitalisation Details'!15:$1048576,5,FALSE()) -> 21 Dec 1961 | M16: =VLOOKUP(Table3[[#This Row],[Customer ID]],'Hospitalisation Details'!15:$1048576,6,FALSE()) -> 61 | N16: =VLOOKUP(Table3[[#This Row],[Customer ID]],'Hospitalisation Details'!15:$1048576,8,FALSE()) -> 48517.56 | O16: =VLOOKUP(Table3[[#This Row],[Customer ID]],'Hospitalisation Details'!15:$1048576,9,FALSE()) -> tier - 1 | P16: =VLOOKUP(Table3[[#This Row],[Customer ID]],'Hospitalisation Details'!15:$1048576,10,FALSE()) -> tier - 3 | Q16: =VLOOKUP(Table3[[#This Row],[Customer ID]],'Hospitalisation Details'!15:$1048576,11,FALSE()) -> R1024
A17: Id16 | B17: =VLOOKUP(Table3[[#This Row],[Customer ID]],'Customer name 1'!16:$1048576,4,FALSE()) -> Mr. Philippe | C17: =VLOOKUP(Table3[[#This Row],[Customer ID]],'Medical Examinations'!$1:$1048576,2,FALSE()) -> 39.9 | D17: =VLOOKUP(Table3[[#This Row],[Customer ID]],'Medical Examinations'!$1:$1048576,3,FALSE()) -> obesity | E17: =VLOOKUP(Table3[[#This Row],[Customer ID]],'Medical Examinations'!$1:$1048576,4,FALSE()) -> 11.32 | F17: =VLOOKUP(Table3[[#This Row],[Customer ID]],'Medical Examinations'!$1:$1048576,5,FALSE()) -> diabetes | G17: =VLOOKUP(Table3[[#This Row],[Customer ID]],'Medical Examinations'!$1:$1048576,6,FALSE()) -> No | H17: =VLOOKUP(Table3[[#This Row],[Customer ID]],'Medical Examinations'!$1:$1048576,7,FALSE()) -> No | I17: =VLOOKUP(Table3[[#This Row],[Customer ID]],'Medical Examinations'!$1:$1048576,8,FALSE()) -> No | J17: =VLOOKUP(Table3[[#This Row],[Customer ID]],'Medical Examinations'!$1:$1048576,9,FALSE()) -> 0 | K17: =VLOOKUP(Table3[[#This Row],[Customer ID]],'Medical Examinations'!$1:$1048576,10,FALSE()) -> yes | L17: =VLOOKUP(Table3[[#This Row],[Customer ID]],'Hospitalisation Details'!16:$1048576,5,FALSE()) -> 27 Aug 1962 | M17: =VLOOKUP(Table3[[#This Row],[Customer ID]],'Hospitalisation Details'!16:$1048576,6,FALSE()) -> 60 | N17: =VLOOKUP(Table3[[#This Row],[Customer ID]],'Hospitalisation Details'!16:$1048576,8,FALSE()) -> 48173.36 | O17: =VLOOKUP(Table3[[#This Row],[Customer ID]],'Hospitalisation Details'!16:$1048576,9,FALSE()) -> tier - 1 | P17: =VLOOKUP(Table3[[#This Row],[Customer ID]],'Hospitalisation Details'!16:$1048576,10,FALSE()) -> tier - 3 | Q17: =VLOOKUP(Table3[[#This Row],[Customer ID]],'Hospitalisation Details'!16:$1048576,11,FALSE()) -> R1011
A18: Id17 | B18: =VLOOKUP(Table3[[#This Row],[Customer ID]],'Customer name 1'!17:$1048576,4,FALSE()) -> Ms. Jennifer | C18: =VLOOKUP(Table3[[#This Row],[Customer ID]],'Medical Examinations'!$1:$1048576,2,FALSE()) -> 33.8 | D18: =VLOOKUP(Table3[[#This Row],[Customer ID]],'Medical Examinations'!$1:$1048576,3,FALSE()) -> obesity | E18: =VLOOKUP(Table3[[#This Row],[Customer ID]],'Medical Examinations'!$1:$1048576,4,FALSE()) -> 7.67 | F18: =VLOOKUP(Table3[[#This Row],[Customer ID]],'Medical Examinations'!$1:$1048576,5,FALSE()) -> diabetes | G18: =VLOOKUP(Table3[[#This Row],[Customer ID]],'Medical Examinations'!$1:$1048576,6,FALSE()) -> No | H18: =VLOOKUP(Table3[[#This Row],[Customer ID]],'Medical Examinations'!$1:$1048576,7,FALSE()) -> No | I18: =VLOOKUP(Table3[[#This Row],[Customer ID]],'Medical Examinations'!$1:$1048576,8,FALSE()) -> No | J18: =VLOOKUP(Table3[[#This Row],[Customer ID]],'Medical Examinations'!$1:$1048576,9,FALSE()) -> 3 | K18: =VLOOKUP(Table3[[#This Row],[Customer ID]],'Medical Examinations'!$1:$1048576,10,FALSE()) -> yes | L18: =VLOOKUP(Table3[[#This Row],[Customer ID]],'Hospitalisation Details'!17:$1048576,5,FALSE()) -> 16 Nov 1958 | M18: =VLOOKUP(Table3[[#This Row],[Customer ID]],'Hospitalisation Details'!17:$1048576,6,FALSE()) -> 64 | N18: =VLOOKUP(Table3[[#This Row],[Customer ID]],'Hospitalisation Details'!17:$1048576,8,FALSE()) -> 47928.03 | O18: =VLOOKUP(Table3[[#This Row],[Customer ID]],'Hospitalisation Details'!17:$1048576,9,FALSE()) -> tier - 2 | P18: =VLOOKUP(Table3[[#This Row],[Customer ID]],'Hospitalisation Details'!17:$1048576,10,FALSE()) -> tier - 3 | Q18: =VLOOKUP(Table3[[#This Row],[Customer ID]],'Hospitalisation Details'!17:$1048576,11,FALSE()) -> R1011
A19: Id18 | B19: =VLOOKUP(Table3[[#This Row],[Customer ID]],'Customer name 1'!18:$1048576,4,FALSE()) -> Ms. Christina | C19: =VLOOKUP(Table3[[#This Row],[Customer ID]],'Medical Examinations'!$1:$1048576,2,FALSE()) -> 36.765 | D19: =VLOOKUP(Table3[[#This Row],[Customer ID]],'Medical Examinations'!$1:$1048576,3,FALSE()) -> obesity | E19: =VLOOKUP(Table3[[#This Row],[Customer ID]],'Medical Examinations'!$1:$1048576,4,FALSE()) -> 7.29 | F19: =VLOOKUP(Table3[[#This Row],[Customer ID]],'Medical Examinations'!$1:$1048576,5,FALSE()) -> diabetes | G19: =VLOOKUP(Table3[[#This Row],[Customer ID]],'Medical Examinations'!$1:$1048576,6,FALSE()) -> yes | H19: =VLOOKUP(Table3[[#This Row],[Customer ID]],'Medical Examinations'!$1:$1048576,7,FALSE()) -> No | I19: =VLOOKUP(Table3[[#This Row],[Customer ID]],'Medical Examinations'!$1:$1048576,8,FALSE()) -> Yes | J19: =VLOOKUP(Table3[[#This Row],[Customer ID]],'Medical Examinations'!$1:$1048576,9,FALSE()) -> 1 | K19: =VLOOKUP(Table3[[#This Row],[Customer ID]],'Medical Examinations'!$1:$1048576,10,FALSE()) -> yes | L19: =VLOOKUP(Table3[[#This Row],[Customer ID]],'Hospitalisation Details'!18:$1048576,5,FALSE()) -> 5 Aug 1963 | M19: =VLOOKUP(Table3[[#This Row],[Customer ID]],'Hospitalisation Details'!18:$1048576,6,FALSE()) -> 59 | N19: =VLOOKUP(Table3[[#This Row],[Customer ID]],'Hospitalisation Details'!18:$1048576,8,FALSE()) -> 47896.79 | O19: =VLOOKUP(Table3[[#This Row],[Customer ID]],'Hospitalisation Details'!18:$1048576,9,FALSE()) -> tier - 1 | P19: =VLOOKUP(Table3[[#This Row],[Customer ID]],'Hospitalisation Details'!18:$1048576,10,FALSE()) -> tier - 3 | Q19: =VLOOKUP(Table3[[#This Row],[Customer ID]],'Hospitalisation Details'!18:$1048576,11,FALSE()) -> R1024
A20: Id19 | B20: =VLOOKUP(Table3[[#This Row],[Customer ID]],'Customer name 1'!19:$1048576,4,FALSE()) -> Mr. Said | C20: =VLOOKUP(Table3[[#This Row],[Customer ID]],'Medical Examinations'!$1:$1048576,2,FALSE()) -> 36.955 | D20: =VLOOKUP(Table3[[#This Row],[Customer ID]],'Medical Examinations'!$1:$1048576,3,FALSE()) -> obesity | E20: =VLOOKUP(Table3[[#This Row],[Customer ID]],'Medical Examinations'!$1:$1048576,4,FALSE()) -> 4.72 | F20: =VLOOKUP(Table3[[#This Row],[Customer ID]],'Medical Examinations'!$1:$1048576,5,FALSE()) -> normal | G20: =VLOOKUP(Table3[[#This Row],[Customer ID]],'Medical Examinations'!$1:$1048576,6,FALSE()) -> yes | H20: =VLOOKUP(Table3[[#This Row],[Customer ID]],'Medical Examinations'!$1:$1048576,7,FALSE()) -> No | I20: =VLOOKUP(Table3[[#This Row],[Customer ID]],'Medical Examinations'!$1:$1048576,8,FALSE()) -> No | J20: =VLOOKUP(Table3[[#This Row],[Customer ID]],'Medical Examinations'!$1:$1048576,9,FALSE()) -> 1 | K20: =VLOOKUP(Table3[[#This Row],[Customer ID]],'Medical Examinations'!$1:$1048576,10,FALSE()) -> yes | L20: =VLOOKUP(Table3[[#This Row],[Customer ID]],'Hospitalisation Details'!19:$1048576,5,FALSE()) -> 7 Nov 1964 | M20: =VLOOKUP(Table3[[#This Row],[Customer ID]],'Hospitalisation Details'!19:$1048576,6,FALSE()) -> 58 | N20: =VLOOKUP(Table3[[#This Row],[Customer ID]],'Hospitalisation Details'!19:$1048576,8,FALSE()) -> 47496.49 | O20: =VLOOKUP(Table3[[#This Row],[Customer ID]],'Hospitalisation Details'!19:$1048576,9,FALSE()) -> tier - 1 | P20: =VLOOKUP(Table3[[#This Row],[Customer ID]],'Hospitalisation Details'!19:$1048576,10,FALSE()) -> tier - 3 | Q20: =VLOOKUP(Table3[[#This Row],[Customer ID]],'Hospitalisation Details'!19:$1048576,11,FALSE()) -> R1012
A21: Id20 | B21: =VLOOKUP(Table3[[#This Row],[Customer ID]],'Customer name 1'!20:$1048576,4,FALSE()) -> Mr. John | C21: =VLOOKUP(Table3[[#This Row],[Customer ID]],'Medical Examinations'!$1:$1048576,2,FALSE()) -> 42.9 | D21: =VLOOKUP(Table3[[#This Row],[Customer ID]],'Medical Examinations'!$1:$1048576,3,FALSE()) -> obesity | E21: =VLOOKUP(Table3[[#This Row],[Customer ID]],'Medical Examinations'!$1:$1048576,4,FALSE()) -> 11.41 | F21: =VLOOKUP(Table3[[#This Row],[Customer ID]],'Medical Examinations'!$1:$1048576,5,FALSE()) -> diabetes | G21: =VLOOKUP(Table3[[#This Row],[Customer ID]],'Medical Examinations'!$1:$1048576,6,FALSE()) -> No | H21: =VLOOKUP(Table3[[#This Row],[Customer ID]],'Medical Examinations'!$1:$1048576,7,FALSE()) -> No | I21: =VLOOKUP(Table3[[#This Row],[Customer ID]],'Medical Examinations'!$1:$1048576,8,FALSE()) -> No | J21: =VLOOKUP(Table3[[#This Row],[Customer ID]],'Medical Examinations'!$1:$1048576,9,FALSE()) -> 0 | K21: =VLOOKUP(Table3[[#This Row],[Customer ID]],'Medical Examinations'!$1:$1048576,10,FALSE()) -> yes | L21: =VLOOKUP(Table3[[#This Row],[Customer ID]],'Hospitalisation Details'!20:$1048576,5,FALSE()) -> 27 Sep 1971 | M21: =VLOOKUP(Table3[[#This Row],[Customer ID]],'Hospitalisation Details'!20:$1048576,6,FALSE()) -> 51 | N21: =VLOOKUP(Table3[[#This Row],[Customer ID]],'Hospitalisation Details'!20:$1048576,8,FALSE()) -> 47462.89 | O21: =VLOOKUP(Table3[[#This Row],[Customer ID]],'Hospitalisation Details'!20:$1048576,9,FALSE()) -> tier - 1 | P21: =VLOOKUP(Table3[[#This Row],[Customer ID]],'Hospitalisation Details'!20:$1048576,10,FALSE()) -> tier - 2 | Q21: =VLOOKUP(Table3[[#This Row],[Customer ID]],'Hospitalisation Details'!20:$1048576,11,FALSE()) -> R1013
A22: Id21 | B22: =VLOOKUP(Table3[[#This Row],[Customer ID]],'Customer name 1'!21:$1048576,4,FALSE()) -> Mr. Myles | C22: =VLOOKUP(Table3[[#This Row],[Customer ID]],'Medical Examinations'!$1:$1048576,2,FALSE()) -> 36.3 | D22: =VLOOKUP(Table3[[#This Row],[Customer ID]],'Medical Examinations'!$1:$1048576,3,FALSE()) -> obesity | E22: =VLOOKUP(Table3[[#This Row],[Customer ID]],'Medical Examinations'!$1:$1048576,4,FALSE()) -> 11.5 | F22: =VLOOKUP(Table3[[#This Row],[Customer ID]],'Medical Examinations'!$1:$1048576,5,FALSE()) -> diabetes | G22: =VLOOKUP(Table3[[#This Row],[Customer ID]],'Medical Examinations'!$1:$1048576,6,FALSE()) -> yes | H22: =VLOOKUP(Table3[[#This Row],[Customer ID]],'Medical Examinations'!$1:$1048576,7,FALSE()) -> No | I22: =VLOOKUP(Table3[[#This Row],[Customer ID]],'Medical Examinations'!$1:$1048576,8,FALSE()) -> No | J22: =VLOOKUP(Table3[[#This Row],[Customer ID]],'Medical Examinations'!$1:$1048576,9,FALSE()) -> 2 | K22: =VLOOKUP(Table3[[#This Row],[Customer ID]],'Medical Examinations'!$1:$1048576,10,FALSE()) -> yes | L22: =VLOOKUP(Table3[[#This Row],[Customer ID]],'Hospitalisation Details'!21:$1048576,5,FALSE()) -> 13 Jun 1961 | M22: =VLOOKUP(Table3[[#This Row],[Customer ID]],'Hospitalisation Details'!21:$1048576,6,FALSE()) -> 61 | N22: =VLOOKUP(Table3[[#This Row],[Customer ID]],'Hospitalisation Details'!21:$1048576,8,FALSE()) -> 47403.88 | O22: =VLOOKUP(Table3[[#This Row],[Customer ID]],'Hospitalisation Details'!21:$1048576,9,FALSE()) -> tier - 1 | P22: =VLOOKUP(Table3[[#This Row],[Customer ID]],'Hospitalisation Details'!21:$1048576,10,FALSE()) -> tier - 3 | Q22: =VLOOKUP(Table3[[#This Row],[Customer ID]],'Hospitalisation Details'!21:$1048576,11,FALSE()) -> R1011
A23: Id22 | B23: =VLOOKUP(Table3[[#This Row],[Customer ID]],'Customer name 1'!22:$1048576,4,FALSE()) -> Ms. Madelyn | C23: =VLOOKUP(Table3[[#This Row],[Customer ID]],'Medical Examinations'!$1:$1048576,2,FALSE()) -> 32.2 | D23: =VLOOKUP(Table3[[#This Row],[Customer ID]],'Medical Examinations'!$1:$1048576,3,FALSE()) -> obesity | E23: =VLOOKUP(Table3[[#This Row],[Customer ID]],'Medical Examinations'!$1:$1048576,4,FALSE()) -> 6.22 | F23: =VLOOKUP(Table3[[#This Row],[Customer ID]],'Medical Examinations'!$1:$1048576,5,FALSE()) -> prediabetes | G23: =VLOOKUP(Table3[[#This Row],[Customer ID]],'Medical Examinations'!$1:$1048576,6,FALSE()) -> yes | H23: =VLOOKUP(Table3[[#This Row],[Customer ID]],'Medical Examinations'!$1:$1048576,7,FALSE()) -> No | I23: =VLOOKUP(Table3[[#This Row],[Customer ID]],'Medical Examinations'!$1:$1048576,8,FALSE()) -> No | J23: =VLOOKUP(Table3[[#This Row],[Customer ID]],'Medical Examinations'!$1:$1048576,9,FALSE()) -> 2 | K23: =VLOOKUP(Table3[[#This Row],[Customer ID]],'Medical Examinations'!$1:$1048576,10,FALSE()) -> yes | L23: =VLOOKUP(Table3[[#This Row],[Customer ID]],'Hospitalisation Details'!22:$1048576,5,FALSE()) -> 4 Oct 1959 | M23: =VLOOKUP(Table3[[#This Row],[Customer ID]],'Hospitalisation Details'!22:$1048576,6,FALSE()) -> 63 | N23: =VLOOKUP(Table3[[#This Row],[Customer ID]],'Hospitalisation Details'!22:$1048576,8,FALSE()) -> 47305.31 | O23: =VLOOKUP(Table3[[#This Row],[Customer ID]],'Hospitalisation Details'!22:$1048576,9,FALSE()) -> tier - 2 | P23: =VLOOKUP(Table3[[#This Row],[Customer ID]],'Hospitalisation Details'!22:$1048576,10,FALSE()) -> tier - 1 | Q23: =VLOOKUP(Table3[[#This Row],[Customer ID]],'Hospitalisation Details'!22:$1048576,11,FALSE()) -> R1011
A24: Id23 | B24: =VLOOKUP(Table3[[#This Row],[Customer ID]],'Customer name 1'!23:$1048576,4,FALSE()) -> Ms. Nicole | C24: =VLOOKUP(Table3[[#This Row],[Customer ID]],'Medical Examinations'!$1:$1048576,2,FALSE()) -> 31.3 | D24: =VLOOKUP(Table3[[#This Row],[Customer ID]],'Medical Examinations'!$1:$1048576,3,FALSE()) -> obesity | E24: =VLOOKUP(Table3[[#This Row],[Customer ID]],'Medical Examinations'!$1:$1048576,4,FALSE()) -> 11.38 | F24: =VLOOKUP(Table3[[#This Row],[Customer ID]],'Medical Examinations'!$1:$1048576,5,FALSE()) -> diabetes | G24: =VLOOKUP(Table3[[#This Row],[Customer ID]],'Medical Examinations'!$1:$1048576,6,FALSE()) -> No | H24: =VLOOKUP(Table3[[#This Row],[Customer ID]],'Medical Examinations'!$1:$1048576,7,FALSE()) -> No | I24: =VLOOKUP(Table3[[#This Row],[Customer ID]],'Medical Examinations'!$1:$1048576,8,FALSE()) -> No | J24: =VLOOKUP(Table3[[#This Row],[Customer ID]],'Medical Examinations'!$1:$1048576,9,FALSE()) -> 3 | K24: =VLOOKUP(Table3[[#This Row],[Customer ID]],'Medical Examinations'!$1:$1048576,10,FALSE()) -> yes | L24: =VLOOKUP(Table3[[#This Row],[Customer ID]],'Hospitalisation Details'!23:$1048576,5,FALSE()) -> 3 Sep 1958 | M24: =VLOOKUP(Table3[[#This Row],[Customer ID]],'Hospitalisation Details'!23:$1048576,6,FALSE()) -> 64 | N24: =VLOOKUP(Table3[[#This Row],[Customer ID]],'Hospitalisation Details'!23:$1048576,8,FALSE()) -> 47291.06 | O24: =VLOOKUP(Table3[[#This Row],[Customer ID]],'Hospitalisation Details'!23:$1048576,9,FALSE()) -> tier - 2 | P24: =VLOOKUP(Table3[[#This Row],[Customer ID]],'Hospitalisation Details'!23:$1048576,10,FALSE()) -> tier - 1 | Q24: =VLOOKUP(Table3[[#This Row],[Customer ID]],'Hospitalisation Details'!23:$1048576,11,FALSE()) -> R1011
A25: Id24 | B25: =VLOOKUP(Table3[[#This Row],[Customer ID]],'Customer name 1'!24:$1048576,4,FALSE()) -> Mr. Eric | C25: =VLOOKUP(Table3[[#This Row],[Customer ID]],'Medical Examinations'!$1:$1048576,2,FALSE()) -> 41.8 | D25: =VLOOKUP(Table3[[#This Row],[Customer ID]],'Medical Examinations'!$1:$1048576,3,FALSE()) -> obesity | E25: =VLOOKUP(Table3[[#This Row],[Customer ID]],'Medical Examinations'!$1:$1048576,4,FALSE()) -> 7.89 | F25: =VLOOKUP(Table3[[#This Row],[Customer ID]],'Medical Examinations'!$1:$1048576,5,FALSE()) -> diabetes | G25: =VLOOKUP(Table3[[#This Row],[Customer ID]],'Medical Examinations'!$1:$1048576,6,FALSE()) -> yes | H25: =VLOOKUP(Table3[[#This Row],[Customer ID]],'Medical Examinations'!$1:$1048576,7,FALSE()) -> No | I25: =VLOOKUP(Table3[[#This Row],[Customer ID]],'Medical Examinations'!$1:$1048576,8,FALSE()) -> No | J25: =VLOOKUP(Table3[[#This Row],[Customer ID]],'Medical Examinations'!$1:$1048576,9,FALSE()) -> 2 | K25: =VLOOKUP(Table3[[#This Row],[Customer ID]],'Medical Examinations'!$1:$1048576,10,FALSE()) -> yes | L25: =VLOOKUP(Table3[[#This Row],[Customer ID]],'Hospitalisation Details'!24:$1048576,5,FALSE()) -> 28 Dec 1970 | M25: =VLOOKUP(Table3[[#This Row],[Customer ID]],'Hospitalisation Details'!24:$1048576,6,FALSE()) -> 52 | N25: =VLOOKUP(Table3[[#This Row],[Customer ID]],'Hospitalisation Details'!24:$1048576,8,FALSE()) -> 47269.85 | O25: =VLOOKUP(Table3[[#This Row],[Customer ID]],'Hospitalisation Details'!24:$1048576,9,FALSE()) -> tier - 1 | P25: =VLOOKUP(Table3[[#This Row],[Customer ID]],'Hospitalisation Details'!24:$1048576,10,FALSE()) -> tier - 2 | Q25: =VLOOKUP(Table3[[#This Row],[Customer ID]],'Hospitalisation Details'!24:$1048576,11,FALSE()) -> R1013
A26: Id25 | B26: =VLOOKUP(Table3[[#This Row],[Customer ID]],'Customer name 1'!25:$1048576,4,FALSE()) -> Mr. Emiliano | C26: =VLOOKUP(Table3[[#This Row],[Customer ID]],'Medical Examinations'!$1:$1048576,2,FALSE()) -> 35.09 | D26: =VLOOKUP(Table3[[#This Row],[Customer ID]],'Medical Examinations'!$1:$1048576,3,FALSE()) -> obesity | E26: =VLOOKUP(Table3[[#This Row],[Customer ID]],'Medical Examinations'!$1:$1048576,4,FALSE()) -> 4.38 | F26: =VLOOKUP(Table3[[#This Row],[Customer ID]],'Medical Examinations'!$1:$1048576,5,FALSE()) -> normal | G26: =VLOOKUP(Table3[[#This Row],[Customer ID]],'Medical Examinations'!$1:$1048576,6,FALSE()) -> yes | H26: =VLOOKUP(Table3[[#This Row],[Customer ID]],'Medical Examinations'!$1:$1048576,7,FALSE()) -> No | I26: =VLOOKUP(Table3[[#This Row],[Customer ID]],'Medical Examinations'!$1:$1048576,8,FALSE()) -> No | J26: =VLOOKUP(Table3[[#This Row],[Customer ID]],'Medical Examinations'!$1:$1048576,9,FALSE()) -> 2 | K26: =VLOOKUP(Table3[[#This Row],[Customer ID]],'Medical Examinations'!$1:$1048576,10,FALSE()) -> yes | L26: =VLOOKUP(Table3[[#This Row],[Customer ID]],'Hospitalisation Details'!25:$1048576,5,FALSE()) -> 14 Jul 1959 | M26: =VLOOKUP(Table3[[#This Row],[Customer ID]],'Hospitalisation Details'!25:$1048576,6,FALSE()) -> 63 | N26: =VLOOKUP(Table3[[#This Row],[Customer ID]],'Hospitalisation Details'!25:$1048576,8,FALSE()) -> 47055.53 | O26: =VLOOKUP(Table3[[#This Row],[Customer ID]],'Hospitalisation Details'!25:$1048576,9,FALSE()) -> tier - 2 | P26: =VLOOKUP(Table3[[#This Row],[Customer ID]],'Hospitalisation Details'!25:$1048576,10,FALSE()) -> tier - 1 | Q26: =VLOOKUP(Table3[[#This Row],[Customer ID]],'Hospitalisation Details'!25:$1048576,11,FALSE()) -> R1013
A27: Id26 | B27: =VLOOKUP(Table3[[#This Row],[Customer ID]],'Customer name 1'!26:$1048576,4,FALSE()) -> Mr. Adam | C27: =VLOOKUP(Table3[[#This Row],[Customer ID]],'Medical Examinations'!$1:$1048576,2,FALSE()) -> 33.88 | D27: =VLOOKUP(Table3[[#This Row],[Customer ID]],'Medical Examinations'!$1:$1048576,3,FALSE()) -> obesity | E27: =VLOOKUP(Table3[[#This Row],[Customer ID]],'Medical Examinations'!$1:$1048576,4,FALSE()) -> 7.01 | F27: =VLOOKUP(Table3[[#This Row],[Customer ID]],'Medical Examinations'!$1:$1048576,5,FALSE()) -> diabetes | G27: =VLOOKUP(Table3[[#This Row],[Customer ID]],'Medical Examinations'!$1:$1048576,6,FALSE()) -> No | H27: =VLOOKUP(Table3[[#This Row],[Customer ID]],'Medical Examinations'!$1:$1048576,7,FALSE()) -> No | I27: =VLOOKUP(Table3[[#This Row],[Customer ID]],'Medical Examinations'!$1:$1048576,8,FALSE()) -> No | J27: =VLOOKUP(Table3[[#This Row],[Customer ID]],'Medical Examinations'!$1:$1048576,9,FALSE()) -> 3 | K27: =VLOOKUP(Table3[[#This Row],[Customer ID]],'Medical Examinations'!$1:$1048576,10,FALSE()) -> yes | L27: =VLOOKUP(Table3[[#This Row],[Customer ID]],'Hospitalisation Details'!26:$1048576,5,FALSE()) -> 15 Sep 1958 | M27: =VLOOKUP(Table3[[#This Row],[Customer ID]],'Hospitalisation Details'!26:$1048576,6,FALSE()) -> 64 | N27: =VLOOKUP(Table3[[#This Row],[Customer ID]],'Hospitalisation Details'!26:$1048576,8,FALSE()) -> 46889.26 | O27: =VLOOKUP(Table3[[#This Row],[Customer ID]],'Hospitalisation Details'!26:$1048576,9,FALSE()) -> tier - 2 | P27: =VLOOKUP(Table3[[#This Row],[Customer ID]],'Hospitalisation Details'!26:$1048576,10,FALSE()) -> tier - 3 | Q27: =VLOOKUP(Table3[[#This Row],[Customer ID]],'Hospitalisation Details'!26:$1048576,11,FALSE()) -> R1013
A28: Id27 | B28: =VLOOKUP(Table3[[#This Row],[Customer ID]],'Customer name 1'!27:$1048576,4,FALSE()) -> Mr. Zach | C28: =VLOOKUP(Table3[[#This Row],[Customer ID]],'Medical Examinations'!$1:$1048576,2,FALSE()) -> 30.875 | D28: =VLOOKUP(Table3[[#This Row],[Customer ID]],'Medical Examinations'!$1:$1048576,3,FALSE()) -> obesity | E28: =VLOOKUP(Table3[[#This Row],[Customer ID]],'Medical Examinations'!$1:$1048576,4,FALSE()) -> 11.88 | F28: =VLOOKUP(Table3[[#This Row],[Customer ID]],'Medical Examinations'!$1:$1048576,5,FALSE()) -> diabetes | G28: =VLOOKUP(Table3[[#This Row],[Customer ID]],'Medical Examinations'!$1:$1048576,6,FALSE()) -> No | H28: =VLOOKUP(Table3[[#This Row],[Customer ID]],'Medical Examinations'!$1:$1048576,7,FALSE()) -> No | I28: =VLOOKUP(Table3[[#This Row],[Customer ID]],'Medical Examinations'!$1:$1048576,8,FALSE()) -> No | J28: =VLOOKUP(Table3[[#This Row],[Customer ID]],'Medical Examinations'!$1:$1048576,9,FALSE()) -> 0 | K28: =VLOOKUP(Table3[[#This Row],[Customer ID]],'Medical Examinations'!$1:$1048576,10,FALSE()) -> yes | L28: =VLOOKUP(Table3[[#This Row],[Customer ID]],'Hospitalisation Details'!27:$1048576,5,FALSE()) -> 17 Nov 1960 | M28: =VLOOKUP(Table3[[#This Row],[Customer ID]],'Hospitalisation Details'!27:$1048576,6,FALSE()) -> 62 | N28: =VLOOKUP(Table3[[#This Row],[Customer ID]],'Hospitalisation Details'!27:$1048576,8,FALSE()) -> 46718.16 | O28: =VLOOKUP(Table3[[#This Row],[Customer ID]],'Hospitalisation Details'!27:$1048576,9,FALSE()) -> tier - 1 | P28: =VLOOKUP(Table3[[#This Row],[Customer ID]],'Hospitalisation Details'!27:$1048576,10,FALSE()) -> tier - 1 | Q28: =VLOOKUP(Table3[[#This Row],[Customer ID]],'Hospitalisation Details'!27:$1048576,11,FALSE()) -> R1012
A29: Id28 | B29: =VLOOKUP(Table3[[#This Row],[Customer ID]],'Customer name 1'!28:$1048576,4,FALSE()) -> Ms. Stephanie | C29: =VLOOKUP(Table3[[#This Row],[Customer ID]],'Medical Examinations'!$1:$1048576,2,FALSE()) -> 36.86 | D29: =VLOOKUP(Table3[[#This Row],[Customer ID]],'Medical Examinations'!$1:$1048576,3,FALSE()) -> obesity | E29: =VLOOKUP(Table3[[#This Row],[Customer ID]],'Medical Examinations'!$1:$1048576,4,FALSE()) -> 5.19 | F29: =VLOOKUP(Table3[[#This Row],[Customer ID]],'Medical Examinations'!$1:$1048576,5,FALSE()) -> normal | G29: =VLOOKUP(Table3[[#This Row],[Customer ID]],'Medical Examinations'!$1:$1048576,6,FALSE()) -> yes | H29: =VLOOKUP(Table3[[#This Row],[Customer ID]],'Medical Examinations'!$1:$1048576,7,FALSE()) -> No | I29: =VLOOKUP(Table3[[#This Row],[Customer ID]],'Medical Examinations'!$1:$1048576,8,FALSE()) -> Yes | J29: =VLOOKUP(Table3[[#This Row],[Customer ID]],'Medical Examinations'!$1:$1048576,9,FALSE()) -> 1 | K29: =VLOOKUP(Table3[[#This Row],[Customer ID]],'Medical Examinations'!$1:$1048576,10,FALSE()) -> yes | L29: =VLOOKUP(Table3[[#This Row],[Customer ID]],'Hospitalisation Details'!28:$1048576,5,FALSE()) -> 23 Jun 1969 | M29: =VLOOKUP(Table3[[#This Row],[Customer ID]],'Hospitalisation Details'!28:$1048576,6,FALSE()) -> 53 | N29: =VLOOKUP(Table3[[#This Row],[Customer ID]],'Hospitalisation Details'!28:$1048576,8,FALSE()) -> 46661.44 | O29: =VLOOKUP(Table3[[#This Row],[Customer ID]],'Hospitalisation Details'!28:$1048576,9,FALSE()) -> tier - 1 | P29: =VLOOKUP(Table3[[#This Row],[Customer ID]],'Hospitalisation Details'!28:$1048576,10,FALSE()) -> tier - 3 | Q29: =VLOOKUP(Table3[[#This Row],[Customer ID]],'Hospitalisation Details'!28:$1048576,11,FALSE()) -> R1012
A30: Id29 | B30: =VLOOKUP(Table3[[#This Row],[Customer ID]],'Customer name 1'!29:$1048576,4,FALSE()) -> Mr. Stephen | C30: =VLOOKUP(Table3[[#This Row],[Customer ID]],'Medical Examinations'!$1:$1048576,2,FALSE()) -> 35.86 | D30: =VLOOKUP(Table3[[#This Row],[Customer ID]],'Medical Examinations'!$1:$1048576,3,FALSE()) -> obesity | E30: =VLOOKUP(Table3[[#This Row],[Customer ID]],'Medical Examinations'!$1:$1048576,4,FALSE()) -> 6.74 | F30: =VLOOKUP(Table3[[#This Row],[Customer ID]],'Medical Examinations'!$1:$1048576,5,FALSE()) -> diabetes | G30: =VLOOKUP(Table3[[#This Row],[Customer ID]],'Medical Examinations'!$1:$1048576,6,FALSE()) -> yes | H30: =VLOOKUP(Table3[[#This Row],[Customer ID]],'Medical Examinations'!$1:$1048576,7,FALSE()) -> No | I30: =VLOOKUP(Table3[[#This Row],[Customer ID]],'Medical Examinations'!$1:$1048576,8,FALSE()) -> No | J30: =VLOOKUP(Table3[[#This Row],[Customer ID]],'Medical Examinations'!$1:$1048576,9,FALSE()) -> 2 | K30: =VLOOKUP(Table3[[#This Row],[Customer ID]],'Medical Examinations'!$1:$1048576,10,FALSE()) -> yes | L30: =VLOOKUP(Table3[[#This Row],[Customer ID]],'Hospitalisation Details'!29:$1048576,5,FALSE()) -> 8 Aug 1961 | M30: =VLOOKUP(Table3[[#This Row],[Customer ID]],'Hospitalisation Details'!29:$1048576,6,FALSE()) -> 61 | N30: =VLOOKUP(Table3[[#This Row],[Customer ID]],'Hospitalisation Details'!29:$1048576,8,FALSE()) -> 46599.11 | O30: =VLOOKUP(Table3[[#This Row],[Customer ID]],'Hospitalisation Details'!29:$1048576,9,FALSE()) -> tier - 1 | P30: =VLOOKUP(Table3[[#This Row],[Customer ID]],'Hospitalisation Details'!29:$1048576,10,FALSE()) -> tier - 1 | Q30: =VLOOKUP(Table3[[#This Row],[Customer ID]],'Hospitalisation Details'!29:$1048576,11,FALSE()) -> R1013
A31: Id30 | B31: =VLOOKUP(Table3[[#This Row],[Customer ID]],'Customer name 1'!30:$1048576,4,FALSE()) -> Ms. Natalie | C31: =VLOOKUP(Table3[[#This Row],[Customer ID]],'Medical Examinations'!$1:$1048576,2,FALSE()) -> 37.05 | D31: =VLOOKUP(Table3[[#This Row],[Customer ID]],'Medical Examinations'!$1:$1048576,3,FALSE()) -> obesity | E31: =VLOOKUP(Table3[[#This Row],[Customer ID]],'Medical Examinations'!$1:$1048576,4,FALSE()) -> 8.44 | F31: =VLOOKUP(Table3[[#This Row],[Customer ID]],'Medical Examinations'!$1:$1048576,5,FALSE()) -> diabetes | G31: =VLOOKUP(Table3[[#This Row],[Customer ID]],'Medical Examinations'!$1:$1048576,6,FALSE()) -> No | H31: =VLOOKUP(Table3[[#This Row],[Customer ID]],'Medical Examinations'!$1:$1048576,7,FALSE()) -> No | I31: =VLOOKUP(Table3[[#This Row],[Customer ID]],'Medical Examinations'!$1:$1048576,8,FALSE()) -> No | J31: =VLOOKUP(Table3[[#This Row],[Customer ID]],'Medical Examinations'!$1:$1048576,9,FALSE()) -> 0 | K31: =VLOOKUP(Table3[[#This Row],[Customer ID]],'Medical Examinations'!$1:$1048576,10,FALSE()) -> yes | L31: =VLOOKUP(Table3[[#This Row],[Customer ID]],'Hospitalisation Details'!30:$1048576,5,FALSE()) -> 6 Dec 1971 | M31: =VLOOKUP(Table3[[#This Row],[Customer ID]],'Hospitalisation Details'!30:$1048576,6,FALSE()) -> 51 | N31: =VLOOKUP(Table3[[#This Row],[Customer ID]],'Hospitalisation Details'!30:$1048576,8,FALSE()) -> 46255.11 | O31: =VLOOKUP(Table3[[#This Row],[Customer ID]],'Hospitalisation Details'!30:$1048576,9,FALSE()) -> tier - 1 | P31: =VLOOKUP(Table3[[#This Row],[Customer ID]],'Hospitalisation Details'!30:$1048576,10,FALSE()) -> tier - 3 | Q31: =VLOOKUP(Table3[[#This Row],[Customer ID]],'Hospitalisation Details'!30:$1048576,11,FALSE()) -> R1024
A32: Id31 | B32: =VLOOKUP(Table3[[#This Row],[Customer ID]],'Customer name 1'!31:$1048576,4,FALSE()) -> Ms. Nicole | C32: =VLOOKUP(Table3[[#This Row],[Customer ID]],'Medical Examinations'!$1:$1048576,2,FALSE()) -> 43.89 | D32: =VLOOKUP(Table3[[#This Row],[Customer ID]],'Medical Examinations'!$1:$1048576,3,FALSE()) -> obesity | E32: =VLOOKUP(Table3[[#This Row],[Customer ID]],'Medical Examinations'!$1:$1048576,4,FALSE()) -> 8.71 | F32: =VLOOKUP(Table3[[#This Row],[Customer ID]],'Medical Examinations'!$1:$1048576,5,FALSE()) -> diabetes | G32: =VLOOKUP(Table3[[#This Row],[Customer ID]],'Medical Examinations'!$1:$1048576,6,FALSE()) -> No | H32: =VLOOKUP(Table3[[#This Row],[Customer ID]],'Medical Examinations'!$1:$1048576,7,FALSE()) -> No | I32: =VLOOKUP(Table3[[#This Row],[Customer ID]],'Medical Examinations'!$1:$1048576,8,FALSE()) -> No | J32: =VLOOKUP(Table3[[#This Row],[Customer ID]],'Medical Examinations'!$1:$1048576,9,FALSE()) -> 0 | K32: =VLOOKUP(Table3[[#This Row],[Customer ID]],'Medical Examinations'!$1:$1048576,10,FALSE()) -> yes | L32: =VLOOKUP(Table3[[#This Row],[Customer ID]],'Hospitalisation Details'!31:$1048576,5,FALSE()) -> 17 Aug 1978 | M32: =VLOOKUP(Table3[[#This Row],[Customer ID]],'Hospitalisation Details'!31:$1048576,6,FALSE()) -> 44 | N32: =VLOOKUP(Table3[[#This Row],[Customer ID]],'Hospitalisation Details'!31:$1048576,8,FALSE()) -> 46200.99 | O32: =VLOOKUP(Table3[[#This Row],[Customer ID]],'Hospitalisation Details'!31:$1048576,9,FALSE()) -> tier - 1 | P32: =VLOOKUP(Table3[[#This Row],[Customer ID]],'Hospitalisation Details'!31:$1048576,10,FALSE()) -> tier - 1 | Q32: =VLOOKUP(Table3[[#This Row],[Customer ID]],'Hospitalisation Details'!31:$1048576,11,FALSE()) -> R1013
A33: Id32 | B33: =VLOOKUP(Table3[[#This Row],[Customer ID]],'Customer name 1'!32:$1048576,4,FALSE()) -> Mr. Jefferson | C33: =VLOOKUP(Table3[[#This Row],[Customer ID]],'Medical Examinations'!$1:$1048576,2,FALSE()) -> 42.35 | D33: =VLOOKUP(Table3[[#This Row],[Customer ID]],'Medical Examinations'!$1:$1048576,3,FALSE()) -> obesity | E33: =VLOOKUP(Table3[[#This Row],[Customer ID]],'Medical Examinations'!$1:$1048576,4,FALSE()) -> 5.08 | F33: =VLOOKUP(Table3[[#This Row],[Customer ID]],'Medical Examinations'!$1:$1048576,5,FALSE()) -> normal | G33: =VLOOKUP(Table3[[#This Row],[Customer ID]],'Medical Examinations'!$1:$1048576,6,FALSE()) -> yes | H33: =VLOOKUP(Table3[[#This Row],[Customer ID]],'Medical Examinations'!$1:$1048576,7,FALSE()) -> No | I33: =VLOOKUP(Table3[[#This Row],[Customer ID]],'Medical Examinations'!$1:$1048576,8,FALSE()) -> No | J33: =VLOOKUP(Table3[[#This Row],[Customer ID]],'Medical Examinations'!$1:$1048576,9,FALSE()) -> 0 | K33: =VLOOKUP(Table3[[#This Row],[Customer ID]],'Medical Examinations'!$1:$1048576,10,FALSE()) -> yes | L33: =VLOOKUP(Table3[[#This Row],[Customer ID]],'Hospitalisation Details'!32:$1048576,5,FALSE()) -> 2 Dec 1976 | M33: =VLOOKUP(Table3[[#This Row],[Customer ID]],'Hospitalisation Details'!32:$1048576,6,FALSE()) -> 46 | N33: =VLOOKUP(Table3[[#This Row],[Customer ID]],'Hospitalisation Details'!32:$1048576,8,FALSE()) -> 46151.12 | O33: =VLOOKUP(Table3[[#This Row],[Customer ID]],'Hospitalisation Details'!32:$1048576,9,FALSE()) -> tier - 1 | P33: =VLOOKUP(Table3[[#This Row],[Customer ID]],'Hospitalisation Details'!32:$1048576,10,FALSE()) -> tier - 3 | Q33: =VLOOKUP(Table3[[#This Row],[Customer ID]],'Hospitalisation Details'!32:$1048576,11,FALSE()) -> R1013
A34: Id33 | B34: =VLOOKUP(Table3[[#This Row],[Customer ID]],'Customer name 1'!33:$1048576,4,FALSE()) -> Mr. Brendan | C34: =VLOOKUP(Table3[[#This Row],[Customer ID]],'Medical Examinations'!$1:$1048576,2,FALSE()) -> 31.35 | D34: =VLOOKUP(Table3[[#This Row],[Customer ID]],'Medical Examinations'!$1:$1048576,3,FALSE()) -> obesity | E34: =VLOOKUP(Table3[[#This Row],[Customer ID]],'Medical Examinations'!$1:$1048576,4,FALSE()) -> 6.86 | F34: =VLOOKUP(Table3[[#This Row],[Customer ID]],'Medical Examinations'!$1:$1048576,5,FALSE()) -> diabetes | G34: =VLOOKUP(Table3[[#This Row],[Customer ID]],'Medical Examinations'!$1:$1048576,6,FALSE()) -> No | H34: =VLOOKUP(Table3[[#This Row],[Customer ID]],'Medical Examinations'!$1:$1048576,7,FALSE()) -> No | I34: =VLOOKUP(Table3[[#This Row],[Customer ID]],'Medical Examinations'!$1:$1048576,8,FALSE()) -> No | J34: =VLOOKUP(Table3[[#This Row],[Customer ID]],'Medical Examinations'!$1:$1048576,9,FALSE()) -> 0 | K34: =VLOOKUP(Table3[[#This Row],[Customer ID]],'Medical Examinations'!$1:$1048576,10,FALSE()) -> yes | L34: =VLOOKUP(Table3[[#This Row],[Customer ID]],'Hospitalisation Details'!33:$1048576,5,FALSE()) -> 4 Dec 1962 | M34: =VLOOKUP(Table3[[#This Row],[Customer ID]],'Hospitalisation Details'!33:$1048576,6,FALSE()) -> 60 | N34: =VLOOKUP(Table3[[#This Row],[Customer ID]],'Hospitalisation Details'!33:$1048576,8,FALSE()) -> 46130.53 | O34: =VLOOKUP(Table3[[#This Row],[Customer ID]],'Hospitalisation Details'!33:$1048576,9,FALSE()) -> tier - 1 | P34: =VLOOKUP(Table3[[#This Row],[Customer ID]],'Hospitalisation Details'!33:$1048576,10,FALSE()) -> tier - 1 | Q34: =VLOOKUP(Table3[[#This Row],[Customer ID]],'Hospitalisation Details'!33:$1048576,11,FALSE()) -> R1012
A35: Id34 | B35: =VLOOKUP(Table3[[#This Row],[Customer ID]],'Customer name 1'!34:$1048576,4,FALSE()) -> Ms. Courtney | C35: =VLOOKUP(Table3[[#This Row],[Customer ID]],'Medical Examinations'!$1:$1048576,2,FALSE()) -> 47.6 | D35: =VLOOKUP(Table3[[#This Row],[Customer ID]],'Medical Examinations'!$1:$1048576,3,FALSE()) -> obesity | E35: =VLOOKUP(Table3[[#This Row],[Customer ID]],'Medical Examinations'!$1:$1048576,4,FALSE()) -> 5.95 | F35: =VLOOKUP(Table3[[#This Row],[Customer ID]],'Medical Examinations'!$1:$1048576,5,FALSE()) -> prediabetes | G35: =VLOOKUP(Table3[[#This Row],[Customer ID]],'Medical Examinations'!$1:$1048576,6,FALSE()) -> yes | H35: =VLOOKUP(Table3[[#This Row],[Customer ID]],'Medical Examinations'!$1:$1048576,7,FALSE()) -> No | I35: =VLOOKUP(Table3[[#This Row],[Customer ID]],'Medical Examinations'!$1:$1048576,8,FALSE()) -> No | J35: =VLOOKUP(Table3[[#This Row],[Customer ID]],'Medical Examinations'!$1:$1048576,9,FALSE()) -> 0 | K35: =VLOOKUP(Table3[[#This Row],[Customer ID]],'Medical Examinations'!$1:$1048576,10,FALSE()) -> yes | L35: =VLOOKUP(Table3[[#This Row],[Customer ID]],'Hospitalisation Details'!34:$1048576,5,FALSE()) -> 30 Sep 1985 | M35: =VLOOKUP(Table3[[#This Row],[Customer ID]],'Hospitalisation Details'!34:$1048576,6,FALSE()) -> 37 | N35: =VLOOKUP(Table3[[#This Row],[Customer ID]],'Hospitalisation Details'!34:$1048576,8,FALSE()) -> 46113.51 | O35: =VLOOKUP(Table3[[#This Row],[Customer ID]],'Hospitalisation Details'!34:$1048576,9,FALSE()) -> tier - 2 | P35: =VLOOKUP(Table3[[#This Row],[Customer ID]],'Hospitalisation Details'!34:$1048576,10,FALSE()) -> tier - 3 | Q35: =VLOOKUP(Table3[[#This Row],[Customer ID]],'Hospitalisation Details'!34:$1048576,11,FALSE()) -> R1011
A36: Id35 | B36: =VLOOKUP(Table3[[#This Row],[Customer ID]],'Customer name 1'!35:$1048576,4,FALSE()) -> Ms. Sydney | C36: =VLOOKUP(Table3[[#This Row],[Customer ID]],'Medical Examinations'!$1:$1048576,2,FALSE()) -> 46.2 | D36: =VLOOKUP(Table3[[#This Row],[Customer ID]],'Medical Examinations'!$1:$1048576,3,FALSE()) -> obesity | E36: =VLOOKUP(Table3[[#This Row],[Customer ID]],'Medical Examinations'!$1:$1048576,4,FALSE()) -> 6.09 | F36: =VLOOKUP(Table3[[#This Row],[Customer ID]],'Medical Examinations'!$1:$1048576,5,FALSE()) -> prediabetes | G36: =VLOOKUP(Table3[[#This Row],[Customer ID]],'Medical Examinations'!$1:$1048576,6,FALSE()) -> No | H36: =VLOOKUP(Table3[[#This Row],[Customer ID]],'Medical Examinations'!$1:$1048576,7,FALSE()) -> No | I36: =VLOOKUP(Table3[[#This Row],[Customer ID]],'Medical Examinations'!$1:$1048576,8,FALSE()) -> Yes | J36: =VLOOKUP(Table3[[#This Row],[Customer ID]],'Medical Examinations'!$1:$1048576,9,FALSE()) -> 1 | K36: =VLOOKUP(Table3[[#This Row],[Customer ID]],'Medical Examinations'!$1:$1048576,10,FALSE()) -> yes | L36: =VLOOKUP(Table3[[#This Row],[Customer ID]],'Hospitalisation Details'!35:$1048576,5,FALSE()) -> 12 Aug 1979 | M36: =VLOOKUP(Table3[[#This Row],[Customer ID]],'Hospitalisation Details'!35:$1048576,6,FALSE()) -> 43 | N36: =VLOOKUP(Table3[[#This Row],[Customer ID]],'Hospitalisation Details'!35:$1048576,8,FALSE()) -> 45863.21 | O36: =VLOOKUP(Table3[[#This Row],[Customer ID]],'Hospitalisation Details'!35:$1048576,9,FALSE()) -> tier - 2 | P36: =VLOOKUP(Table3[[#This Row],[Customer ID]],'Hospitalisation Details'!35:$1048576,10,FALSE()) -> tier - 1 | Q36: =VLOOKUP(Table3[[#This Row],[Customer ID]],'Hospitalisation Details'!35:$1048576,11,FALSE()) -> R1013
A37: Id36 | B37: =VLOOKUP(Table3[[#This Row],[Customer ID]],'Customer name 1'!36:$1048576,4,FALSE()) -> Mr. Julien | C37: =VLOOKUP(Table3[[#This Row],[Customer ID]],'Medical Examinations'!$1:$1048576,2,FALSE()) -> 32.015 | D37: =VLOOKUP(Table3[[#This Row],[Customer ID]],'Medical Examinations'!$1:$1048576,3,FALSE()) -> obesity | E37: =VLOOKUP(Table3[[#This Row],[Customer ID]],'Medical Examinations'!$1:$1048576,4,FALSE()) -> 11.75 | F37: =VLOOKUP(Table3[[#This Row],[Customer ID]],'Medical Examinations'!$1:$1048576,5,FALSE()) -> diabetes | G37: =VLOOKUP(Table3[[#This Row],[Customer ID]],'Medical Examinations'!$1:$1048576,6,FALSE()) -> No | H37: =VLOOKUP(Table3[[#This Row],[Customer ID]],'Medical Examinations'!$1:$1048576,7,FALSE()) -> No | I37: =VLOOKUP(Table3[[#This Row],[Customer ID]],'Medical Examinations'!$1:$1048576,8,FALSE()) -> No | J37: =VLOOKUP(Table3[[#This Row],[Customer ID]],'Medical Examinations'!$1:$1048576,9,FALSE()) -> 0 | K37: =VLOOKUP(Table3[[#This Row],[Customer ID]],'Medical Examinations'!$1:$1048576,10,FALSE()) -> yes | L37: =VLOOKUP(Table3[[#This Row],[Customer ID]],'Hospitalisation Details'!36:$1048576,5,FALSE()) -> 21 Dec 1960 | M37: =VLOOKUP(Table3[[#This Row],[Customer ID]],'Hospitalisation Details'!36:$1048576,6,FALSE()) -> 62 | N37: =VLOOKUP(Table3[[#This Row],[Customer ID]],'Hospitalisation Details'!36:$1048576,8,FALSE()) -> 45710.21 | O37: =VLOOKUP(Table3[[#This Row],[Customer ID]],'Hospitalisation Details'!36:$1048576,9,FALSE()) -> tier - 2 | P37: =VLOOKUP(Table3[[#This Row],[Customer ID]],'Hospitalisation Details'!36:$1048576,10,FALSE()) -> tier - 2 | Q37: =VLOOKUP(Table3[[#This Row],[Customer ID]],'Hospitalisation Details'!36:$1048576,11,FALSE()) -> R1016
A38: Id37 | B38: =VLOOKUP(Table3[[#This Row],[Customer ID]],'Customer name 1'!37:$1048576,4,FALSE()) -> Mr. Ryan | C38: =VLOOKUP(Table3[[#This Row],[Customer ID]],'Medical Examinations'!$1:$1048576,2,FALSE()) -> 40.565 | D38: =VLOOKUP(Table3[[#This Row],[Customer ID]],'Medical Examinations'!$1:$1048576,3,FALSE()) -> obesity | E38: =VLOOKUP(Table3[[#This Row],[Customer ID]],'Medical Examinations'!$1:$1048576,4,FALSE()) -> 7.37 | F38: =VLOOKUP(Table3[[#This Row],[Customer ID]],'Medical Examinations'!$1:$1048576,5,FALSE()) -> diabetes | G38: =VLOOKUP(Table3[[#This Row],[Customer ID]],'Medical Examinations'!$1:$1048576,6,FALSE()) -> No | H38: =VLOOKUP(Table3[[#This Row],[Customer ID]],'Medical Examinations'!$1:$1048576,7,FALSE()) -> No | I38: =VLOOKUP(Table3[[#This Row],[Customer ID]],'Medical Examinations'!$1:$1048576,8,FALSE()) -> No | J38: =VLOOKUP(Table3[[#This Row],[Customer ID]],'Medical Examinations'!$1:$1048576,9,FALSE()) -> 0 | K38: =VLOOKUP(Table3[[#This Row],[Customer ID]],'Medical Examinations'!$1:$1048576,10,FALSE()) -> yes | L38: =VLOOKUP(Table3[[#This Row],[Customer ID]],'Hospitalisation Details'!37:$1048576,5,FALSE()) -> 9 Aug 1974 | M38: =VLOOKUP(Table3[[#This Row],[Customer ID]],'Hospitalisation Details'!37:$1048576,6,FALSE()) -> 48 | N38: =VLOOKUP(Table3[[#This Row],[Customer ID]],'Hospitalisation Details'!37:$1048576,8,FALSE()) -> 45702.02 | O38: =VLOOKUP(Table3[[#This Row],[Customer ID]],'Hospitalisation Details'!37:$1048576,9,FALSE()) -> tier - 2 | P38: =VLOOKUP(Table3[[#This Row],[Customer ID]],'Hospitalisation Details'!37:$1048576,10,FALSE()) -> tier - 2 | Q38: =VLOOKUP(Table3[[#This Row],[Customer ID]],'Hospitalisation Details'!37:$1048576,11,FALSE()) -> R1012
A39: Id38 | B39: =VLOOKUP(Table3[[#This Row],[Customer ID]],'Customer name 1'!38:$1048576,4,FALSE()) -> Ms. Anna | C39: =VLOOKUP(Table3[[#This Row],[Customer ID]],'Medical Examinations'!$1:$1048576,2,FALSE()) -> 32.45 | D39: =VLOOKUP(Table3[[#This Row],[Customer ID]],'Medical Examinations'!$1:$1048576,3,FALSE()) -> obesity | E39: =VLOOKUP(Table3[[#This Row],[Customer ID]],'Medical Examinations'!$1:$1048576,4,FALSE()) -> 11.91 | F39: =VLOOKUP(Table3[[#This Row],[Customer ID]],'Medical Examinations'!$1:$1048576,5,FALSE()) -> diabetes | G39: =VLOOKUP(Table3[[#This Row],[Customer ID]],'Medical Examinations'!$1:$1048576,6,FALSE()) -> No | H39: =VLOOKUP(Table3[[#This Row],[Customer ID]],'Medical Examinations'!$1:$1048576,7,FALSE()) -> No | I39: =VLOOKUP(Table3[[#This Row],[Customer ID]],'Medical Examinations'!$1:$1048576,8,FALSE()) -> No | J39: =VLOOKUP(Table3[[#This Row],[Customer ID]],'Medical Examinations'!$1:$1048576,9,FALSE()) -> 0 | K39: =VLOOKUP(Table3[[#This Row],[Customer ID]],'Medical Examinations'!$1:$1048576,10,FALSE()) -> yes | L39: =VLOOKUP(Table3[[#This Row],[Customer ID]],'Hospitalisation Details'!38:$1048576,5,FALSE()) -> 17 Dec 1962 | M39: =VLOOKUP(Table3[[#This Row],[Customer ID]],'Hospitalisation Details'!38:$1048576,6,FALSE()) -> 60 | N39: =VLOOKUP(Table3[[#This Row],[Customer ID]],'Hospitalisation Details'!38:$1048576,8,FALSE()) -> 45008.96 | O39: =VLOOKUP(Table3[[#This Row],[Customer ID]],'Hospitalisation Details'!38:$1048576,9,FALSE()) -> tier - 2 | P39: =VLOOKUP(Table3[[#This Row],[Customer ID]],'Hospitalisation Details'!38:$1048576,10,FALSE()) -> tier - 2 | Q39: =VLOOKUP(Table3[[#This Row],[Customer ID]],'Hospitalisation Details'!38:$1048576,11,FALSE()) -> R1013
A40: Id39 | B40: =VLOOKUP(Table3[[#This Row],[Customer ID]],'Customer name 1'!39:$1048576,4,FALSE()) -> Ms. Samantha | C40: =VLOOKUP(Table3[[#This Row],[Customer ID]],'Medical Examinations'!$1:$1048576,2,FALSE()) -> 34.96 | D40: =VLOOKUP(Table3[[#This Row],[Customer ID]],'Medical Examinations'!$1:$1048576,3,FALSE()) -> obesity | E40: =VLOOKUP(Table3[[#This Row],[Customer ID]],'Medical Examinations'!$1:$1048576,4,FALSE()) -> 6.52 | F40: =VLOOKUP(Table3[[#This Row],[Customer ID]],'Medical Examinations'!$1:$1048576,5,FALSE()) -> diabetes | G40: =VLOOKUP(Table3[[#This Row],[Customer ID]],'Medical Examinations'!$1:$1048576,6,FALSE()) -> No | H40: =VLOOKUP(Table3[[#This Row],[Customer ID]],'Medical Examinations'!$1:$1048576,7,FALSE()) -> No | I40: =VLOOKUP(Table3[[#This Row],[Customer ID]],'Medical Examinations'!$1:$1048576,8,FALSE()) -> No | J40: =VLOOKUP(Table3[[#This Row],[Customer ID]],'Medical Examinations'!$1:$1048576,9,FALSE()) -> 0 | K40: =VLOOKUP(Table3[[#This Row],[Customer ID]],'Medical Examinations'!$1:$1048576,10,FALSE()) -> yes | L40: =VLOOKUP(Table3[[#This Row],[Customer ID]],'Hospitalisation Details'!39:$1048576,5,FALSE()) -> 13 Aug 1971 | M40: =VLOOKUP(Table3[[#This Row],[Customer ID]],'Hospitalisation Details'!39:$1048576,6,FALSE()) -> 51 | N40: =VLOOKUP(Table3[[#This Row],[Customer ID]],'Hospitalisation Details'!39:$1048576,8,FALSE()) -> 44641.2 | O40: =VLOOKUP(Table3[[#This Row],[Customer ID]],'Hospitalisation Details'!39:$1048576,9,FALSE()) -> tier - 2 | P40: =VLOOKUP(Table3[[#This Row],[Customer ID]],'Hospitalisation Details'!39:$1048576,10,FALSE()) -> tier - 3 | Q40: =VLOOKUP(Table3[[#This Row],[Customer ID]],'Hospitalisation Details'!39:$1048576,11,FALSE()) -> R1024
A41: Id40 | B41: =VLOOKUP(Table3[[#This Row],[Customer ID]],'Customer name 1'!40:$1048576,4,FALSE()) -> Mr. Robert | C41: =VLOOKUP(Table3[[#This Row],[Customer ID]],'Medical Examinations'!$1:$1048576,2,FALSE()) -> 35.5 | D41: =VLOOKUP(Table3[[#This Row],[Customer ID]],'Medical Examinations'!$1:$1048576,3,FALSE()) -> obesity | E41: =VLOOKUP(Table3[[#This Row],[Customer ID]],'Medical Examinations'!$1:$1048576,4,FALSE()) -> 5.14 | F41: =VLOOKUP(Table3[[#This Row],[Customer ID]],'Medical Examinations'!$1:$1048576,5,FALSE()) -> normal | G41: =VLOOKUP(Table3[[#This Row],[Customer ID]],'Medical Examinations'!$1:$1048576,6,FALSE()) -> No | H41: =VLOOKUP(Table3[[#This Row],[Customer ID]],'Medical Examinations'!$1:$1048576,7,FALSE()) -> No | I41: =VLOOKUP(Table3[[#This Row],[Customer ID]],'Medical Examinations'!$1:$1048576,8,FALSE()) -> Yes | J41: =VLOOKUP(Table3[[#This Row],[Customer ID]],'Medical Examinations'!$1:$1048576,9,FALSE()) -> 1 | K41: =VLOOKUP(Table3[[#This Row],[Customer ID]],'Medical Examinations'!$1:$1048576,10,FALSE()) -> yes | L41: =VLOOKUP(Table3[[#This Row],[Customer ID]],'Hospitalisation Details'!40:$1048576,5,FALSE()) -> 11 Oct 1993 | M41: =VLOOKUP(Table3[[#This Row],[Customer ID]],'Hospitalisation Details'!40:$1048576,6,FALSE()) -> 29 | N41: =VLOOKUP(Table3[[#This Row],[Customer ID]],'Hospitalisation Details'!40:$1048576,8,FALSE()) -> 44585.46 | O41: =VLOOKUP(Table3[[#This Row],[Customer ID]],'Hospitalisation Details'!40:$1048576,9,FALSE()) -> tier - 2 | P41: =VLOOKUP(Table3[[#This Row],[Customer ID]],'Hospitalisation Details'!40:$1048576,10,FALSE()) -> tier - 2 | Q41: =VLOOKUP(Table3[[#This Row],[Customer ID]],'Hospitalisation Details'!40:$1048576,11,FALSE()) -> R1011
A42: Id41 | B42: =VLOOKUP(Table3[[#This Row],[Customer ID]],'Customer name 1'!41:$1048576,4,FALSE()) -> Mr. James | C42: =VLOOKUP(Table3[[#This Row],[Customer ID]],'Medical Examinations'!$1:$1048576,2,FALSE()) -> 52.58 | D42: =VLOOKUP(Table3[[#This Row],[Customer ID]],'Medical Examinations'!$1:$1048576,3,FALSE()) -> obesity | E42: =VLOOKUP(Table3[[#This Row],[Customer ID]],'Medical Examinations'!$1:$1048576,4,FALSE()) -> 4.19 | F42: =VLOOKUP(Table3[[#This Row],[Customer ID]],'Medical Examinations'!$1:$1048576,5,FALSE()) -> normal | G42: =VLOOKUP(Table3[[#This Row],[Customer ID]],'Medical Examinations'!$1:$1048576,6,FALSE()) -> No | H42: =VLOOKUP(Table3[[#This Row],[Customer ID]],'Medical Examinations'!$1:$1048576,7,FALSE()) -> yes | I42: =VLOOKUP(Table3[[#This Row],[Customer ID]],'Medical Examinations'!$1:$1048576,8,FALSE()) -> No | J42: =VLOOKUP(Table3[[#This Row],[Customer ID]],'Medical Examinations'!$1:$1048576,9,FALSE()) -> 1 | K42: =VLOOKUP(Table3[[#This Row],[Customer ID]],'Medical Examinations'!$1:$1048576,10,FALSE()) -> yes | L42: =VLOOKUP(Table3[[#This Row],[Customer ID]],'Hospitalisation Details'!41:$1048576,5,FALSE()) -> 2 Aug 2000 | M42: =VLOOKUP(Table3[[#This Row],[Customer ID]],'Hospitalisation Details'!41:$1048576,6,FALSE()) -> 22 | N42: =VLOOKUP(Table3[[#This Row],[Customer ID]],'Hospitalisation Details'!41:$1048576,8,FALSE()) -> 44501.4 | O42: =VLOOKUP(Table3[[#This Row],[Customer ID]],'Hospitalisation Details'!41:$1048576,9,FALSE()) -> tier - 2 | P42: =VLOOKUP(Table3[[#This Row],[Customer ID]],'Hospitalisation Details'!41:$1048576,10,FALSE()) -> tier - 3 | Q42: =VLOOKUP(Table3[[#This Row],[Customer ID]],'Hospitalisation Details'!41:$1048576,11,FALSE()) -> R1013
A43: Id42 | B43: =VLOOKUP(Table3[[#This Row],[Customer ID]],'Customer name 1'!42:$1048576,4,FALSE()) -> Ms. Roseann | C43: =VLOOKUP(Table3[[#This Row],[Customer ID]],'Medical Examinations'!$1:$1048576,2,FALSE()) -> 35.2 | D43: =VLOOKUP(Table3[[#This Row],[Customer ID]],'Medical Examinations'!$1:$1048576,3,FALSE()) -> obesity | E43: =VLOOKUP(Table3[[#This Row],[Customer ID]],'Medical Examinations'!$1:$1048576,4,FALSE()) -> 11.68 | F43: =VLOOKUP(Table3[[#This Row],[Customer ID]],'Medical Examinations'!$1:$1048576,5,FALSE()) -> diabetes | G43: =VLOOKUP(Table3[[#This Row],[Customer ID]],'Medical Examinations'!$1:$1048576,6,FALSE()) -> yes | H43: =VLOOKUP(Table3[[#This Row],[Customer ID]],'Medical Examinations'!$1:$1048576,7,FALSE()) -> No | I43: =VLOOKUP(Table3[[#This Row],[Customer ID]],'Medical Examinations'!$1:$1048576,8,FALSE()) -> No | J43: =VLOOKUP(Table3[[#This Row],[Customer ID]],'Medical Examinations'!$1:$1048576,9,FALSE()) -> 0 | K43: =VLOOKUP(Table3[[#This Row],[Customer ID]],'Medical Examinations'!$1:$1048576,10,FALSE()) -> yes | L43: =VLOOKUP(Table3[[#This Row],[Customer ID]],'Hospitalisation Details'!42:$1048576,5,FALSE()) -> 14 Sep 1967 | M43: =VLOOKUP(Table3[[#This Row],[Customer ID]],'Hospitalisation Details'!42:$1048576,6,FALSE()) -> 55 | N43: =VLOOKUP(Table3[[#This Row],[Customer ID]],'Hospitalisation Details'!42:$1048576,8,FALSE()) -> 44423.8 | O43: =VLOOKUP(Table3[[#This Row],[Customer ID]],'Hospitalisation Details'!42:$1048576,9,FALSE()) -> tier - 2 | P43: =VLOOKUP(Table3[[#This Row],[Customer ID]],'Hospitalisation Details'!42:$1048576,10,FALSE()) -> tier - 3 | Q43: =VLOOKUP(Table3[[#This Row],[Customer ID]],'Hospitalisation Details'!42:$1048576,11,FALSE()) -> R1013
A44: Id43 | B44: =VLOOKUP(Table3[[#This Row],[Customer ID]],'Customer name 1'!43:$1048576,4,FALSE()) -> Ms. Nicole | C44: =VLOOKUP(Table3[[#This Row],[Customer ID]],'Medical Examinations'!$1:$1048576,2,FALSE()) -> 38.06 | D44: =VLOOKUP(Table3[[#This Row],[Customer ID]],'Medical Examinations'!$1:$1048576,3,FALSE()) -> obesity | E44: =VLOOKUP(Table3[[#This Row],[Customer ID]],'Medical Examinations'!$1:$1048576,4,FALSE()) -> 6.98 | F44: =VLOOKUP(Table3[[#This Row],[Customer ID]],'Medical Examinations'!$1:$1048576,5,FALSE()) -> diabetes | G44: =VLOOKUP(Table3[[#This Row],[Customer ID]],'Medical Examinations'!$1:$1048576,6,FALSE()) -> No | H44: =VLOOKUP(Table3[[#This Row],[Customer ID]],'Medical Examinations'!$1:$1048576,7,FALSE()) -> No | I44: =VLOOKUP(Table3[[#This Row],[Customer ID]],'Medical Examinations'!$1:$1048576,8,FALSE()) -> No | J44: =VLOOKUP(Table3[[#This Row],[Customer ID]],'Medical Examinations'!$1:$1048576,9,FALSE()) -> 0 | K44: =VLOOKUP(Table3[[#This Row],[Customer ID]],'Medical Examinations'!$1:$1048576,10,FALSE()) -> yes | L44: =VLOOKUP(Table3[[#This Row],[Customer ID]],'Hospitalisation Details'!43:$1048576,5,FALSE()) -> 29 Oct 1971 | M44: =VLOOKUP(Table3[[#This Row],[Customer ID]],'Hospitalisation Details'!43:$1048576,6,FALSE()) -> 51 | N44: =VLOOKUP(Table3[[#This Row],[Customer ID]],'Hospitalisation Details'!43:$1048576,8,FALSE()) -> 44400.41 | O44: =VLOOKUP(Table3[[#This Row],[Customer ID]],'Hospitalisation Details'!43:$1048576,9,FALSE()) -> tier - 2 | P44: =VLOOKUP(Table3[[#This Row],[Customer ID]],'Hospitalisation Details'!43:$1048576,10,FALSE()) -> tier - 2 | Q44: =VLOOKUP(Table3[[#This Row],[Customer ID]],'Hospitalisation Details'!43:$1048576,11,FALSE()) -> R1013
A45: Id44 | B45: =VLOOKUP(Table3[[#This Row],[Customer ID]],'Customer name 1'!44:$1048576,4,FALSE()) -> Mr. Spencer | C45: =VLOOKUP(Table3[[#This Row],[Customer ID]],'Medical Examinations'!$1:$1048576,2,FALSE()) -> 34.21 | D45: =VLOOKUP(Table3[[#This Row],[Customer ID]],'Medical Examinations'!$1:$1048576,3,FALSE()) -> obesity | E45: =VLOOKUP(Table3[[#This Row],[Customer ID]],'Medical Examinations'!$1:$1048576,4,FALSE()) -> 8.34 | F45: =VLOOKUP(Table3[[#This Row],[Customer ID]],'Medical Examinations'!$1:$1048576,5,FALSE()) -> diabetes | G45: =VLOOKUP(Table3[[#This Row],[Customer ID]],'Medical Examinations'!$1:$1048576,6,FALSE()) -> No | H45: =VLOOKUP(Table3[[#This Row],[Customer ID]],'Medical Examinations'!$1:$1048576,7,FALSE()) -> No | I45: =VLOOKUP(Table3[[#This Row],[Customer ID]],'Medical Examinations'!$1:$1048576,8,FALSE()) -> No | J45: =VLOOKUP(Table3[[#This Row],[Customer ID]],'Medical Examinations'!$1:$1048576,9,FALSE()) -> 0 | K45: =VLOOKUP(Table3[[#This Row],[Customer ID]],'Medical Examinations'!$1:$1048576,10,FALSE()) -> yes | L45: =VLOOKUP(Table3[[#This Row],[Customer ID]],'Hospitalisation Details'!44:$1048576,5,FALSE()) -> 24 Nov 1968 | M45: =VLOOKUP(Table3[[#This Row],[Customer ID]],'Hospitalisation Details'!44:$1048576,6,FALSE()) -> 54 | N45: =VLOOKUP(Table3[[#This Row],[Customer ID]],'Hospitalisation Details'!44:$1048576,8,FALSE()) -> 44260.75 | O45: =VLOOKUP(Table3[[#This Row],[Customer ID]],'Hospitalisation Details'!44:$1048576,9,FALSE()) -> tier - 2 | P45: =VLOOKUP(Table3[[#This Row],[Customer ID]],'Hospitalisation Details'!44:$1048576,10,FALSE()) -> tier - 1 | Q45: =VLOOKUP(Table3[[#This Row],[Customer ID]],'Hospitalisation Details'!44:$1048576,11,FALSE()) -> R1013
A46: Id45 | B46: =VLOOKUP(Table3[[#This Row],[Customer ID]],'Customer name 1'!45:$1048576,4,FALSE()) -> Mr. Eric | C46: =VLOOKUP(Table3[[#This Row],[Customer ID]],'Medical Examinations'!$1:$1048576,2,FALSE()) -> 38.94 | D46: =VLOOKUP(Table3[[#This Row],[Customer ID]],'Medical Examinations'!$1:$1048576,3,FALSE()) -> obesity | E46: =VLOOKUP(Table3[[#This Row],[Customer ID]],'Medical Examinations'!$1:$1048576,4,FALSE()) -> 8.49 | F46: =VLOOKUP(Table3[[#This Row],[Customer ID]],'Medical Examinations'!$1:$1048576,5,FALSE()) -> diabetes | G46: =VLOOKUP(Table3[[#This Row],[Customer ID]],'Medical Examinations'!$1:$1048576,6,FALSE()) -> yes | H46: =VLOOKUP(Table3[[#This Row],[Customer ID]],'Medical Examinations'!$1:$1048576,7,FALSE()) -> No | I46: =VLOOKUP(Table3[[#This Row],[Customer ID]],'Medical Examinations'!$1:$1048576,8,FALSE()) -> No | J46: =VLOOKUP(Table3[[#This Row],[Customer ID]],'Medical Examinations'!$1:$1048576,9,FALSE()) -> 1 | K46: =VLOOKUP(Table3[[#This Row],[Customer ID]],'Medical Examinations'!$1:$1048576,10,FALSE()) -> yes | L46: =VLOOKUP(Table3[[#This Row],[Customer ID]],'Hospitalisation Details'!45:$1048576,5,FALSE()) -> 1 Jun 1975 | M46: =VLOOKUP(Table3[[#This Row],[Customer ID]],'Hospitalisation Details'!45:$1048576,6,FALSE()) -> 48 | N46: =VLOOKUP(Table3[[#This Row],[Customer ID]],'Hospitalisation Details'!45:$1048576,8,FALSE()) -> 44202.65 | O46: =VLOOKUP(Table3[[#This Row],[Customer ID]],'Hospitalisation Details'!45:$1048576,9,FALSE()) -> tier - 2 | P46: =VLOOKUP(Table3[[#This Row],[Customer ID]],'Hospitalisation Details'!45:$1048576,10,FALSE()) -> tier - 2 | Q46: =VLOOKUP(Table3[[#This Row],[Customer ID]],'Hospitalisation Details'!45:$1048576,11,FALSE()) -> R1013
A47: Id46 | B47: =VLOOKUP(Table3[[#This Row],[Customer ID]],'Customer name 1'!46:$1048576,4,FALSE()) -> Ms. Brianna | C47: =VLOOKUP(Table3[[#This Row],[Customer ID]],'Medical Examinations'!$1:$1048576,2,FALSE()) -> 30.21 | D47: =VLOOKUP(Table3[[#This Row],[Customer ID]],'Medical Examinations'!$1:$1048576,3,FALSE()) -> obesity | E47: =VLOOKUP(Table3[[#This Row],[Customer ID]],'Medical Examinations'!$1:$1048576,4,FALSE()) -> 5.34 | F47: =VLOOKUP(Table3[[#This Row],[Customer ID]],'Medical Examinations'!$1:$1048576,5,FALSE()) -> normal | G47: =VLOOKUP(Table3[[#This Row],[Customer ID]],'Medical Examinations'!$1:$1048576,6,FALSE()) -> yes | H47: =VLOOKUP(Table3[[#This Row],[Customer ID]],'Medical Examinations'!$1:$1048576,7,FALSE()) -> No | I47: =VLOOKUP(Table3[[#This Row],[Customer ID]],'Medical Examinations'!$1:$1048576,8,FALSE()) -> No | J47: =VLOOKUP(Table3[[#This Row],[Customer ID]],'Medical Examinations'!$1:$1048576,9,FALSE()) -> 1 | K47: =VLOOKUP(Table3[[#This Row],[Customer ID]],'Medical Examinations'!$1:$1048576,10,FALSE()) -> yes | L47: =VLOOKUP(Table3[[#This Row],[Customer ID]],'Hospitalisation Details'!46:$1048576,5,FALSE()) -> 16 Jul 1988 | M47: =VLOOKUP(Table3[[#This Row],[Customer ID]],'Hospitalisation Details'!46:$1048576,6,FALSE()) -> 34 | N47: =VLOOKUP(Table3[[#This Row],[Customer ID]],'Hospitalisation Details'!46:$1048576,8,FALSE()) -> 43943.88 | O47: =VLOOKUP(Table3[[#This Row],[Customer ID]],'Hospitalisation Details'!46:$1048576,9,FALSE()) -> tier - 2 | P47: =VLOOKUP(Table3[[#This Row],[Customer ID]],'Hospitalisation Details'!46:$1048576,10,FALSE()) -> tier - 1 | Q47: =VLOOKUP(Table3[[#This Row],[Customer ID]],'Hospitalisation Details'!46:$1048576,11,FALSE()) -> R1012
A48: Id47 | B48: =VLOOKUP(Table3[[#This Row],[Customer ID]],'Customer name 1'!47:$1048576,4,FALSE()) -> Mr. Thomas | C48: =VLOOKUP(Table3[[#This Row],[Customer ID]],'Medical Examinations'!$1:$1048576,2,FALSE()) -> 33.63 | D48: =VLOOKUP(Table3[[#This Row],[Customer ID]],'Medical Examinations'!$1:$1048576,3,FALSE()) -> obesity | E48: =VLOOKUP(Table3[[#This Row],[Customer ID]],'Medical Examinations'!$1:$1048576,4,FALSE()) -> 4.43 | F48: =VLOOKUP(Table3[[#This Row],[Customer ID]],'Medical Examinations'!$1:$1048576,5,FALSE()) -> normal | G48: =VLOOKUP(Table3[[#This Row],[Customer ID]],'Medical Examinations'!$1:$1048576,6,FALSE()) -> yes | H48: =VLOOKUP(Table3[[#This Row],[Customer ID]],'Medical Examinations'!$1:$1048576,7,FALSE()) -> No | I48: =VLOOKUP(Table3[[#This Row],[Customer ID]],'Medical Examinations'!$1:$1048576,8,FALSE()) -> No | J48: =VLOOKUP(Table3[[#This Row],[Customer ID]],'Medical Examinations'!$1:$1048576,9,FALSE()) -> 2 | K48: =VLOOKUP(Table3[[#This Row],[Customer ID]],'Medical Examinations'!$1:$1048576,10,FALSE()) -> yes | L48: =VLOOKUP(Table3[[#This Row],[Customer ID]],'Hospitalisation Details'!47:$1048576,5,FALSE()) -> 5 Oct 1966 | M48: =VLOOKUP(Table3[[#This Row],[Customer ID]],'Hospitalisation Details'!47:$1048576,6,FALSE()) -> 56 | N48: =VLOOKUP(Table3[[#This Row],[Customer ID]],'Hospitalisation Details'!47:$1048576,8,FALSE()) -> 43921.18 | O48: =VLOOKUP(Table3[[#This Row],[Customer ID]],'Hospitalisation Details'!47:$1048576,9,FALSE()) -> tier - 2 | P48: =VLOOKUP(Table3[[#This Row],[Customer ID]],'Hospitalisation Details'!47:$1048576,10,FALSE()) -> tier - 2 | Q48: =VLOOKUP(Table3[[#This Row],[Customer ID]],'Hospitalisation Details'!47:$1048576,11,FALSE()) -> R1012
A49: Id48 | B49: =VLOOKUP(Table3[[#This Row],[Customer ID]],'Customer name 1'!48:$1048576,4,FALSE()) -> Ms. Melissa | C49: =VLOOKUP(Table3[[#This Row],[Customer ID]],'Medical Examinations'!$1:$1048576,2,FALSE()) -> 40.37 | D49: =VLOOKUP(Table3[[#This Row],[Customer ID]],'Medical Examinations'!$1:$1048576,3,FALSE()) -> obesity | E49: =VLOOKUP(Table3[[#This Row],[Customer ID]],'Medical Examinations'!$1:$1048576,4,FALSE()) -> 4.47 | F49: =VLOOKUP(Table3[[#This Row],[Customer ID]],'Medical Examinations'!$1:$1048576,5,FALSE()) -> normal | G49: =VLOOKUP(Table3[[#This Row],[Customer ID]],'Medical Examinations'!$1:$1048576,6,FALSE()) -> No | H49: =VLOOKUP(Table3[[#This Row],[Customer ID]],'Medical Examinations'!$1:$1048576,7,FALSE()) -> No | I49: =VLOOKUP(Table3[[#This Row],[Customer ID]],'Medical Examinations'!$1:$1048576,8,FALSE()) -> No | J49: =VLOOKUP(Table3[[#This Row],[Customer ID]],'Medical Examinations'!$1:$1048576,9,FALSE()) -> 0 | K49: =VLOOKUP(Table3[[#This Row],[Customer ID]],'Medical Examinations'!$1:$1048576,10,FALSE()) -> yes | L49: =VLOOKUP(Table3[[#This Row],[Customer ID]],'Hospitalisation Details'!48:$1048576,5,FALSE()) -> 10 Nov 1980 | M49: =VLOOKUP(Table3[[#This Row],[Customer ID]],'Hospitalisation Details'!48:$1048576,6,FALSE()) -> 42 | N49: =VLOOKUP(Table3[[#This Row],[Customer ID]],'Hospitalisation Details'!48:$1048576,8,FALSE()) -> 43896.38 | O49: =VLOOKUP(Table3[[#This Row],[Customer ID]],'Hospitalisation Details'!48:$1048576,9,FALSE()) -> tier - 2 | P49: =VLOOKUP(Table3[[#This Row],[Customer ID]],'Hospitalisation Details'!48:$1048576,10,FALSE()) -> tier - 1 | Q49: =VLOOKUP(Table3[[#This Row],[Customer ID]],'Hospitalisation Details'!48:$1048576,11,FALSE()) -> R1013
A50: Id49 | B50: =VLOOKUP(Table3[[#This Row],[Customer ID]],'Customer name 1'!49:$1048576,4,FALSE()) -> Mr. Flavio | C50: =VLOOKUP(Table3[[#This Row],[Customer ID]],'Medical Examinations'!$1:$1048576,2,FALSE()) -> 53.09 | D50: =VLOOKUP(Table3[[#This Row],[Customer ID]],'Medical Examinations'!$1:$1048576,3,FALSE()) -> obesity | E50: =VLOOKUP(Table3[[#This Row],[Customer ID]],'Medical Examinations'!$1:$1048576,4,FALSE()) -> 4.82 | F50: =VLOOKUP(Table3[[#This Row],[Customer ID]],'Medical Examinations'!$1:$1048576,5,FALSE()) -> normal | G50: =VLOOKUP(Table3[[#This Row],[Customer ID]],'Medical Examinations'!$1:$1048576,6,FALSE()) -> yes | H50: =VLOOKUP(Table3[[#This Row],[Customer ID]],'Medical Examinations'!$1:$1048576,7,FALSE()) -> No | I50: =VLOOKUP(Table3[[#This Row],[Customer ID]],'Medical Examinations'!$1:$1048576,8,FALSE()) -> No | J50: =VLOOKUP(Table3[[#This Row],[Customer ID]],'Medical Examinations'!$1:$1048576,9,FALSE()) -> 2 | K50: =VLOOKUP(Table3[[#This Row],[Customer ID]],'Medical Examinations'!$1:$1048576,10,FALSE()) -> yes | L50: =VLOOKUP(Table3[[#This Row],[Customer ID]],'Hospitalisation Details'!49:$1048576,5,FALSE()) -> 2 Jul 1966 | M50: =VLOOKUP(Table3[[#This Row],[Customer ID]],'Hospitalisation Details'!49:$1048576,6,FALSE()) -> 56 | N50: =VLOOKUP(Table3[[#This Row],[Customer ID]],'Hospitalisation Details'!49:$1048576,8,FALSE()) -> 43817.45 | O50: =VLOOKUP(Table3[[#This Row],[Customer ID]],'Hospitalisation Details'!49:$1048576,9,FALSE()) -> tier - 2 | P50: =VLOOKUP(Table3[[#This Row],[Customer ID]],'Hospitalisation Details'!49:$1048576,10,FALSE()) -> tier - 3 | Q50: =VLOOKUP(Table3[[#This Row],[Customer ID]],'Hospitalisation Details'!49:$1048576,11,FALSE()) -> R1012
A51: Id50 | B51: =VLOOKUP(Table3[[#This Row],[Customer ID]],'Customer name 1'!50:$1048576,4,FALSE()) -> Mr. Ryan | C51: =VLOOKUP(Table3[[#This Row],[Customer ID]],'Medical Examinations'!$1:$1048576,2,FALSE()) -> 31.79 | D51: =VLOOKUP(Table3[[#This Row],[Customer ID]],'Medical Examinations'!$1:$1048576,3,FALSE()) -> obesity | E51: =VLOOKUP(Table3[[#This Row],[Customer ID]],'Medical Examinations'!$1:$1048576,4,FALSE()) -> 5.51 | F51: =VLOOKUP(Table3[[#This Row],[Customer ID]],'Medical Examinations'!$1:$1048576,5,FALSE()) -> normal | G51: =VLOOKUP(Table3[[#This Row],[Customer ID]],'Medical Examinations'!$1:$1048576,6,FALSE()) -> yes | H51: =VLOOKUP(Table3[[#This Row],[Customer ID]],'Medical Examinations'!$1:$1048576,7,FALSE()) -> No | I51: =VLOOKUP(Table3[[#This Row],[Customer ID]],'Medical Examinations'!$1:$1048576,8,FALSE()) -> No | J51: =VLOOKUP(Table3[[#This Row],[Customer ID]],'Medical Examinations'!$1:$1048576,9,FALSE()) -> 2 | K51: =VLOOKUP(Table3[[#This Row],[Customer ID]],'Medical Examinations'!$1:$1048576,10,FALSE()) -> yes | L51: =VLOOKUP(Table3[[#This Row],[Customer ID]],'Hospitalisation Details'!50:$1048576,5,FALSE()) -> 25 Oct 1966 | M51: =VLOOKUP(Table3[[#This Row],[Customer ID]],'Hospitalisation Details'!50:$1048576,6,FALSE()) -> 56 | N51: =VLOOKUP(Table3[[#This Row],[Customer ID]],'Hospitalisation Details'!50:$1048576,8,FALSE()) -> 43813.87 | O51: =VLOOKUP(Table3[[#This Row],[Customer ID]],'Hospitalisation Details'!50:$1048576,9,FALSE()) -> tier - 2 | P51: =VLOOKUP(Table3[[#This Row],[Customer ID]],'Hospitalisation Details'!50:$1048576,10,FALSE()) -> tier - 2 | Q51: =VLOOKUP(Table3[[#This Row],[Customer ID]],'Hospitalisation Details'!50:$1048576,11,FALSE()) -> R1013
A52: Id51 | B52: =VLOOKUP(Table3[[#This Row],[Customer ID]],'Customer name 1'!51:$1048576,4,FALSE()) -> Mr. Anthony | C52: =VLOOKUP(Table3[[#This Row],[Customer ID]],'Medical Examinations'!$1:$1048576,2,FALSE()) -> 41.895 | D52: =VLOOKUP(Table3[[#This Row],[Customer ID]],'Medical Examinations'!$1:$1048576,3,FALSE()) -> obesity | E52: =VLOOKUP(Table3[[#This Row],[Customer ID]],'Medical Examinations'!$1:$1048576,4,FALSE()) -> 10.87 | F52: =VLOOKUP(Table3[[#This Row],[Customer ID]],'Medical Examinations'!$1:$1048576,5,FALSE()) -> diabetes | G52: =VLOOKUP(Table3[[#This Row],[Customer ID]],'Medical Examinations'!$1:$1048576,6,FALSE()) -> yes | H52: =VLOOKUP(Table3[[#This Row],[Customer ID]],'Medical Examinations'!$1:$1048576,7,FALSE()) -> No | I52: =VLOOKUP(Table3[[#This Row],[Customer ID]],'Medical Examinations'!$1:$1048576,8,FALSE()) -> No | J52: =VLOOKUP(Table3[[#This Row],[Customer ID]],'Medical Examinations'!$1:$1048576,9,FALSE()) -> 1 | K52: =VLOOKUP(Table3[[#This Row],[Customer ID]],'Medical Examinations'!$1:$1048576,10,FALSE()) -> yes | L52: =VLOOKUP(Table3[[#This Row],[Customer ID]],'Hospitalisation Details'!51:$1048576,5,FALSE()) -> 29 Dec 1986 | M52: =VLOOKUP(Table3[[#This Row],[Customer ID]],'Hospitalisation Details'!51:$1048576,6,FALSE()) -> 36 | N52: =VLOOKUP(Table3[[#This Row],[Customer ID]],'Hospitalisation Details'!51:$1048576,8,FALSE()) -> 43753.34 | O52: =VLOOKUP(Table3[[#This Row],[Customer ID]],'Hospitalisation Details'!51:$1048576,9,FALSE()) -> tier - 2 | P52: =VLOOKUP(Table3[[#This Row],[Customer ID]],'Hospitalisation Details'!51:$1048576,10,FALSE()) -> tier - 1 | Q52: =VLOOKUP(Table3[[#This Row],[Customer ID]],'Hospitalisation Details'!51:$1048576,11,FALSE()) -> R1015
A53: Id52 | B53: =VLOOKUP(Table3[[#This Row],[Customer ID]],'Customer name 1'!52:$1048576,4,FALSE()) -> Ms. Alex | C53: =VLOOKUP(Table3[[#This Row],[Customer ID]],'Medical Examinations'!$1:$1048576,2,FALSE()) -> 31.16 | D53: =VLOOKUP(Table3[[#This Row],[Customer ID]],'Medical Examinations'!$1:$1048576,3,FALSE()) -> obesity | E53: =VLOOKUP(Table3[[#This Row],[Customer ID]],'Medical Examinations'!$1:$1048576,4,FALSE()) -> 9.34 | F53: =VLOOKUP(Table3[[#This Row],[Customer ID]],'Medical Examinations'!$1:$1048576,5,FALSE()) -> diabetes | G53: =VLOOKUP(Table3[[#This Row],[Customer ID]],'Medical Examinations'!$1:$1048576,6,FALSE()) -> No | H53: =VLOOKUP(Table3[[#This Row],[Customer ID]],'Medical Examinations'!$1:$1048576,7,FALSE()) -> No | I53: =VLOOKUP(Table3[[#This Row],[Customer ID]],'Medical Examinations'!$1:$1048576,8,FALSE()) -> No | J53: =VLOOKUP(Table3[[#This Row],[Customer ID]],'Medical Examinations'!$1:$1048576,9,FALSE()) -> 0 | K53: =VLOOKUP(Table3[[#This Row],[Customer ID]],'Medical Examinations'!$1:$1048576,10,FALSE()) -> yes | L53: =VLOOKUP(Table3[[#This Row],[Customer ID]],'Hospitalisation Details'!52:$1048576,5,FALSE()) -> 22 Aug 1965 | M53: =VLOOKUP(Table3[[#This Row],[Customer ID]],'Hospitalisation Details'!52:$1048576,6,FALSE()) -> 57 | N53: =VLOOKUP(Table3[[#This Row],[Customer ID]],'Hospitalisation Details'!52:$1048576,8,FALSE()) -> 43578.94 | O53: =VLOOKUP(Table3[[#This Row],[Customer ID]],'Hospitalisation Details'!52:$1048576,9,FALSE()) -> tier - 2 | P53: =VLOOKUP(Table3[[#This Row],[Customer ID]],'Hospitalisation Details'!52:$1048576,10,FALSE()) -> tier - 2 | Q53: =VLOOKUP(Table3[[#This Row],[Customer ID]],'Hospitalisation Details'!52:$1048576,11,FALSE()) -> R1012
A54: Id53 | B54: =VLOOKUP(Table3[[#This Row],[Customer ID]],'Customer name 1'!53:$1048576,4,FALSE()) -> Mr. David | C54: =VLOOKUP(Table3[[#This Row],[Customer ID]],'Medical Examinations'!$1:$1048576,2,FALSE()) -> 34.105 | D54: =VLOOKUP(Table3[[#This Row],[Customer ID]],'Medical Examinations'!$1:$1048576,3,FALSE()) -> obesity | E54: =VLOOKUP(Table3[[#This Row],[Customer ID]],'Medical Examinations'!$1:$1048576,4,FALSE()) -> 5.03 | F54: =VLOOKUP(Table3[[#This Row],[Customer ID]],'Medical Examinations'!$1:$1048576,5,FALSE()) -> normal | G54: =VLOOKUP(Table3[[#This Row],[Customer ID]],'Medical Examinations'!$1:$1048576,6,FALSE()) -> yes | H54: =VLOOKUP(Table3[[#This Row],[Customer ID]],'Medical Examinations'!$1:$1048576,7,FALSE()) -> No | I54: =VLOOKUP(Table3[[#This Row],[Customer ID]],'Medical Examinations'!$1:$1048576,8,FALSE()) -> Yes | J54: =VLOOKUP(Table3[[#This Row],[Customer ID]],'Medical Examinations'!$1:$1048576,9,FALSE()) -> 1 | K54: =VLOOKUP(Table3[[#This Row],[Customer ID]],'Medical Examinations'!$1:$1048576,10,FALSE()) -> yes | L54: =VLOOKUP(Table3[[#This Row],[Customer ID]],'Hospitalisation Details'!53:$1048576,5,FALSE()) -> 3 Dec 1969 | M54: =VLOOKUP(Table3[[#This Row],[Customer ID]],'Hospitalisation Details'!53:$1048576,6,FALSE()) -> 53 | N54: =VLOOKUP(Table3[[#This Row],[Customer ID]],'Hospitalisation Details'!53:$1048576,8,FALSE()) -> 43254.42 | O54: =VLOOKUP(Table3[[#This Row],[Customer ID]],'Hospitalisation Details'!53:$1048576,9,FALSE()) -> tier - 2 | P54: =VLOOKUP(Table3[[#This Row],[Customer ID]],'Hospitalisation Details'!53:$1048576,10,FALSE()) -> tier - 2 | Q54: =VLOOKUP(Table3[[#This Row],[Customer ID]],'Hospitalisation Details'!53:$1048576,11,FALSE()) -> R1016
A55: Id54 | B55: =VLOOKUP(Table3[[#This Row],[Customer ID]],'Customer name 1'!54:$1048576,4,FALSE()) -> Mr. Andrew | C55: =VLOOKUP(Table3[[#This Row],[Customer ID]],'Medical Examinations'!$1:$1048576,2,FALSE()) -> 51.93 | D55: =VLOOKUP(Table3[[#This Row],[Customer ID]],'Medical Examinations'!$1:$1048576,3,FALSE()) -> obesity | E55: =VLOOKUP(Table3[[#This Row],[Customer ID]],'Medical Examinations'!$1:$1048576,4,FALSE()) -> 11.05 | F55: =VLOOKUP(Table3[[#This Row],[Customer ID]],'Medical Examinations'!$1:$1048576,5,FALSE()) -> diabetes | G55: =VLOOKUP(Table3[[#This Row],[Customer ID]],'Medical Examinations'!$1:$1048576,6,FALSE()) -> No | H55: =VLOOKUP(Table3[[#This Row],[Customer ID]],'Medical Examinations'!$1:$1048576,7,FALSE()) -> No | I55: =VLOOKUP(Table3[[#This Row],[Customer ID]],'Medical Examinations'!$1:$1048576,8,FALSE()) -> No | J55: =VLOOKUP(Table3[[#This Row],[Customer ID]],'Medical Examinations'!$1:$1048576,9,FALSE()) -> 0 | K55: =VLOOKUP(Table3[[#This Row],[Customer ID]],'Medical Examinations'!$1:$1048576,10,FALSE()) -> yes | L55: =VLOOKUP(Table3[[#This Row],[Customer ID]],'Hospitalisation Details'!54:$1048576,5,FALSE()) -> 29 Nov 1965 | M55: =VLOOKUP(Table3[[#This Row],[Customer ID]],'Hospitalisation Details'!54:$1048576,6,FALSE()) -> 57 | N55: =VLOOKUP(Table3[[#This Row],[Customer ID]],'Hospitalisation Details'!54:$1048576,8,FALSE()) -> 43073.76 | O55: =VLOOKUP(Table3[[#This Row],[Customer ID]],'Hospitalisation Details'!54:$1048576,9,FALSE()) -> tier - 2 | P55: =VLOOKUP(Table3[[#This Row],[Customer ID]],'Hospitalisation Details'!54:$1048576,10,FALSE()) -> tier - 2 | Q55: =VLOOKUP(Table3[[#This Row],[Customer ID]],'Hospitalisation Details'!54:$1048576,11,FALSE()) -> R1011
A56: Id55 | B56: =VLOOKUP(Table3[[#This Row],[Customer ID]],'Customer name 1'!55:$1048576,4,FALSE()) -> Ms. Dara | C56: =VLOOKUP(Table3[[#This Row],[Customer ID]],'Medical Examinations'!$1:$1048576,2,FALSE()) -> 38.95 | D56: =VLOOKUP(Table3[[#This Row],[Customer ID]],'Medical Examinations'!$1:$1048576,3,FALSE()) -> obesity | E56: =VLOOKUP(Table3[[#This Row],[Customer ID]],'Medical Examinations'!$1:$1048576,4,FALSE()) -> 11.95 | F56: =VLOOKUP(Table3[[#This Row],[Customer ID]],'Medical Examinations'!$1:$1048576,5,FALSE()) -> diabetes | G56: =VLOOKUP(Table3[[#This Row],[Customer ID]],'Medical Examinations'!$1:$1048576,6,FALSE()) -> No | H56: =VLOOKUP(Table3[[#This Row],[Customer ID]],'Medical Examinations'!$1:$1048576,7,FALSE()) -> No | I56: =VLOOKUP(Table3[[#This Row],[Customer ID]],'Medical Examinations'!$1:$1048576,8,FALSE()) -> No | J56: =VLOOKUP(Table3[[#This Row],[Customer ID]],'Medical Examinations'!$1:$1048576,9,FALSE()) -> 0 | K56: =VLOOKUP(Table3[[#This Row],[Customer ID]],'Medical Examinations'!$1:$1048576,10,FALSE()) -> yes | L56: =VLOOKUP(Table3[[#This Row],[Customer ID]],'Hospitalisation Details'!55:$1048576,5,FALSE()) -> 4 Nov 1978 | M56: =VLOOKUP(Table3[[#This Row],[Customer ID]],'Hospitalisation Details'!55:$1048576,6,FALSE()) -> 44 | N56: =VLOOKUP(Table3[[#This Row],[Customer ID]],'Hospitalisation Details'!55:$1048576,8,FALSE()) -> 42983.46 | O56: =VLOOKUP(Table3[[#This Row],[Customer ID]],'Hospitalisation Details'!55:$1048576,9,FALSE()) -> tier - 1 | P56: =VLOOKUP(Table3[[#This Row],[Customer ID]],'Hospitalisation Details'!55:$1048576,10,FALSE()) -> tier - 2 | Q56: =VLOOKUP(Table3[[#This Row],[Customer ID]],'Hospitalisation Details'!55:$1048576,11,FALSE()) -> R1012
A57: Id56 | B57: =VLOOKUP(Table3[[#This Row],[Customer ID]],'Customer name 1'!56:$1048576,4,FALSE()) -> Ms. Inna | C57: =VLOOKUP(Table3[[#This Row],[Customer ID]],'Medical Examinations'!$1:$1048576,2,FALSE()) -> 36.63 | D57: =VLOOKUP(Table3[[#This Row],[Customer ID]],'Medical Examinations'!$1:$1048576,3,FALSE()) -> obesity | E57: =VLOOKUP(Table3[[#This Row],[Customer ID]],'Medical Examinations'!$1:$1048576,4,FALSE()) -> 7.72 | F57: =VLOOKUP(Table3[[#This Row],[Customer ID]],'Medical Examinations'!$1:$1048576,5,FALSE()) -> diabetes | G57: =VLOOKUP(Table3[[#This Row],[Customer ID]],'Medical Examinations'!$1:$1048576,6,FALSE()) -> yes | H57: =VLOOKUP(Table3[[#This Row],[Customer ID]],'Medical Examinations'!$1:$1048576,7,FALSE()) -> No | I57: =VLOOKUP(Table3[[#This Row],[Customer ID]],'Medical Examinations'!$1:$1048576,8,FALSE()) -> No | J57: =VLOOKUP(Table3[[#This Row],[Customer ID]],'Medical Examinations'!$1:$1048576,9,FALSE()) -> 1 | K57: =VLOOKUP(Table3[[#This Row],[Customer ID]],'Medical Examinations'!$1:$1048576,10,FALSE()) -> yes | L57: =VLOOKUP(Table3[[#This Row],[Customer ID]],'Hospitalisation Details'!56:$1048576,5,FALSE()) -> 23 Oct 1975 | M57: =VLOOKUP(Table3[[#This Row],[Customer ID]],'Hospitalisation Details'!56:$1048576,6,FALSE()) -> 47 | N57: =VLOOKUP(Table3[[#This Row],[Customer ID]],'Hospitalisation Details'!56:$1048576,8,FALSE()) -> 42969.85 | O57: =VLOOKUP(Table3[[#This Row],[Customer ID]],'Hospitalisation Details'!56:$1048576,9,FALSE()) -> tier - 1 | P57: =VLOOKUP(Table3[[#This Row],[Customer ID]],'Hospitalisation Details'!56:$1048576,10,FALSE()) -> tier - 3 | Q57: =VLOOKUP(Table3[[#This Row],[Customer ID]],'Hospitalisation Details'!56:$1048576,11,FALSE()) -> R1013
A58: Id57 | B58: =VLOOKUP(Table3[[#This Row],[Customer ID]],'Customer name 1'!57:$1048576,4,FALSE()) -> Mr. Ari | C58: =VLOOKUP(Table3[[#This Row],[Customer ID]],'Medical Examinations'!$1:$1048576,2,FALSE()) -> 34.2 | D58: =VLOOKUP(Table3[[#This Row],[Customer ID]],'Medical Examinations'!$1:$1048576,3,FALSE()) -> obesity | E58: =VLOOKUP(Table3[[#This Row],[Customer ID]],'Medical Examinations'!$1:$1048576,4,FALSE()) -> 5.75 | F58: =VLOOKUP(Table3[[#This Row],[Customer ID]],'Medical Examinations'!$1:$1048576,5,FALSE()) -> prediabetes | G58: =VLOOKUP(Table3[[#This Row],[Customer ID]],'Medical Examinations'!$1:$1048576,6,FALSE()) -> No | H58: =VLOOKUP(Table3[[#This Row],[Customer ID]],'Medical Examinations'!$1:$1048576,7,FALSE()) -> No | I58: =VLOOKUP(Table3[[#This Row],[Customer ID]],'Medical Examinations'!$1:$1048576,8,FALSE()) -> No | J58: =VLOOKUP(Table3[[#This Row],[Customer ID]],'Medical Examinations'!$1:$1048576,9,FALSE()) -> 2 | K58: =VLOOKUP(Table3[[#This Row],[Customer ID]],'Medical Examinations'!$1:$1048576,10,FALSE()) -> yes | L58: =VLOOKUP(Table3[[#This Row],[Customer ID]],'Hospitalisation Details'!57:$1048576,5,FALSE()) -> 10 Sep 1972 | M58: =VLOOKUP(Table3[[#This Row],[Customer ID]],'Hospitalisation Details'!57:$1048576,6,FALSE()) -> 50 | N58: =VLOOKUP(Table3[[#This Row],[Customer ID]],'Hospitalisation Details'!57:$1048576,8,FALSE()) -> 42856.84 | O58: =VLOOKUP(Table3[[#This Row],[Customer ID]],'Hospitalisation Details'!57:$1048576,9,FALSE()) -> tier - 1 | P58: =VLOOKUP(Table3[[#This Row],[Customer ID]],'Hospitalisation Details'!57:$1048576,10,FALSE()) -> tier - 1 | Q58: =VLOOKUP(Table3[[#This Row],[Customer ID]],'Hospitalisation Details'!57:$1048576,11,FALSE()) -> R1011
A59: Id58 | B59: =VLOOKUP(Table3[[#This Row],[Customer ID]],'Customer name 1'!58:$1048576,4,FALSE()) -> Ms. Lindsey | C59: =VLOOKUP(Table3[[#This Row],[Customer ID]],'Medical Examinations'!$1:$1048576,2,FALSE()) -> 50.63 | D59: =VLOOKUP(Table3[[#This Row],[Customer ID]],'Medical Examinations'!$1:$1048576,3,FALSE()) -> obesity | E59: =VLOOKUP(Table3[[#This Row],[Customer ID]],'Medical Examinations'!$1:$1048576,4,FALSE()) -> 11.89 | F59: =VLOOKUP(Table3[[#This Row],[Customer ID]],'Medical Examinations'!$1:$1048576,5,FALSE()) -> diabetes | G59: =VLOOKUP(Table3[[#This Row],[Customer ID]],'Medical Examinations'!$1:$1048576,6,FALSE()) -> No | H59: =VLOOKUP(Table3[[#This Row],[Customer ID]],'Medical Examinations'!$1:$1048576,7,FALSE()) -> No | I59: =VLOOKUP(Table3[[#This Row],[Customer ID]],'Medical Examinations'!$1:$1048576,8,FALSE()) -> No | J59: =VLOOKUP(Table3[[#This Row],[Customer ID]],'Medical Examinations'!$1:$1048576,9,FALSE()) -> 0 | K59: =VLOOKUP(Table3[[#This Row],[Customer ID]],'Medical Examinations'!$1:$1048576,10,FALSE()) -> yes | L59: =VLOOKUP(Table3[[#This Row],[Customer ID]],'Hospitalisation Details'!58:$1048576,5,FALSE()) -> 29 Oct 1965 | M59: =VLOOKUP(Table3[[#This Row],[Customer ID]],'Hospitalisation Details'!58:$1048576,6,FALSE()) -> 57 | N59: =VLOOKUP(Table3[[#This Row],[Customer ID]],'Hospitalisation Details'!58:$1048576,8,FALSE()) -> 42764.12 | O59: =VLOOKUP(Table3[[#This Row],[Customer ID]],'Hospitalisation Details'!58:$1048576,9,FALSE()) -> tier - 1 | P59: =VLOOKUP(Table3[[#This Row],[Customer ID]],'Hospitalisation Details'!58:$1048576,10,FALSE()) -> tier - 2 | Q59: =VLOOKUP(Table3[[#This Row],[Customer ID]],'Hospitalisation Details'!58:$1048576,11,FALSE()) -> R1011
A60: Id59 | B60: =VLOOKUP(Table3[[#This Row],[Customer ID]],'Customer name 1'!59:$1048576,4,FALSE()) -> Mr. Kenny | C60: =VLOOKUP(Table3[[#This Row],[Customer ID]],'Medical Examinations'!$1:$1048576,2,FALSE()) -> 36.48 | D60: =VLOOKUP(Table3[[#This Row],[Customer ID]],'Medical Examinations'!$1:$1048576,3,FALSE()) -> obesity | E60: =VLOOKUP(Table3[[#This Row],[Customer ID]],'Medical Examinations'!$1:$1048576,4,FALSE()) -> 6.2 | F60: =VLOOKUP(Table3[[#This Row],[Customer ID]],'Medical Examinations'!$1:$1048576,5,FALSE()) -> prediabetes | G60: =VLOOKUP(Table3[[#This Row],[Customer ID]],'Medical Examinations'!$1:$1048576,6,FALSE()) -> No | H60: =VLOOKUP(Table3[[#This Row],[Customer ID]],'Medical Examinations'!$1:$1048576,7,FALSE()) -> No | I60: =VLOOKUP(Table3[[#This Row],[Customer ID]],'Medical Examinations'!$1:$1048576,8,FALSE()) -> No | J60: =VLOOKUP(Table3[[#This Row],[Customer ID]],'Medical Examinations'!$1:$1048576,9,FALSE()) -> 0 | K60: =VLOOKUP(Table3[[#This Row],[Customer ID]],'Medical Examinations'!$1:$1048576,10,FALSE()) -> yes | L60: =VLOOKUP(Table3[[#This Row],[Customer ID]],'Hospitalisation Details'!59:$1048576,5,FALSE()) -> 21 Oct 1977 | M60: =VLOOKUP(Table3[[#This Row],[Customer ID]],'Hospitalisation Details'!59:$1048576,6,FALSE()) -> 45 | N60: =VLOOKUP(Table3[[#This Row],[Customer ID]],'Hospitalisation Details'!59:$1048576,8,FALSE()) -> 42760.5 | O60: =VLOOKUP(Table3[[#This Row],[Customer ID]],'Hospitalisation Details'!59:$1048576,9,FALSE()) -> tier - 1 | P60: =VLOOKUP(Table3[[#This Row],[Customer ID]],'Hospitalisation Details'!59:$1048576,10,FALSE()) -> tier - 2 | Q60: =VLOOKUP(Table3[[#This Row],[Customer ID]],'Hospitalisation Details'!59:$1048576,11,FALSE()) -> R1012
A61: Id60 | B61: =VLOOKUP(Table3[[#This Row],[Customer ID]],'Customer name 1'!60:$1048576,4,FALSE()) -> Ms. Louise | C61: =VLOOKUP(Table3[[#This Row],[Customer ID]],'Medical Examinations'!$1:$1048576,2,FALSE()) -> 54.82 | D61: =VLOOKUP(Table3[[#This Row],[Customer ID]],'Medical Examinations'!$1:$1048576,3,FALSE()) -> obesity | E61: =VLOOKUP(Table3[[#This Row],[Customer ID]],'Medical Examinations'!$1:$1048576,4,FALSE()) -> 10.61 | F61: =VLOOKUP(Table3[[#This Row],[Customer ID]],'Medical Examinations'!$1:$1048576,5,FALSE()) -> diabetes | G61: =VLOOKUP(Table3[[#This Row],[Customer ID]],'Medical Examinations'!$1:$1048576,6,FALSE()) -> No | H61: =VLOOKUP(Table3[[#This Row],[Customer ID]],'Medical Examinations'!$1:$1048576,7,FALSE()) -> No | I61: =VLOOKUP(Table3[[#This Row],[Customer ID]],'Medical Examinations'!$1:$1048576,8,FALSE()) -> No | J61: =VLOOKUP(Table3[[#This Row],[Customer ID]],'Medical Examinations'!$1:$1048576,9,FALSE()) -> 0 | K61: =VLOOKUP(Table3[[#This Row],[Customer ID]],'Medical Examinations'!$1:$1048576,10,FALSE()) -> yes | L61: =VLOOKUP(Table3[[#This Row],[Customer ID]],'Hospitalisation Details'!60:$1048576,5,FALSE()) -> 3 Nov 1971 | M61: =VLOOKUP(Table3[[#This Row],[Customer ID]],'Hospitalisation Details'!60:$1048576,6,FALSE()) -> 51 | N61: =VLOOKUP(Table3[[#This Row],[Customer ID]],'Hospitalisation Details'!60:$1048576,8,FALSE()) -> 42644.2 | O61: =VLOOKUP(Table3[[#This Row],[Customer ID]],'Hospitalisation Details'!60:$1048576,9,FALSE()) -> tier - 1 | P61: =VLOOKUP(Table3[[#This Row],[Customer ID]],'Hospitalisation Details'!60:$1048576,10,FALSE()) -> tier - 3 | Q61: =VLOOKUP(Table3[[#This Row],[Customer ID]],'Hospitalisation Details'!60:$1048576,11,FALSE()) -> R1011
A62: Id61 | B62: =VLOOKUP(Table3[[#This Row],[Customer ID]],'Customer name 1'!61:$1048576,4,FALSE()) -> Mr. Cameron | C62: =VLOOKUP(Table3[[#This Row],[Customer ID]],'Medical Examinations'!$1:$1048576,2,FALSE()) -> 38.06 | D62: =VLOOKUP(Table3[[#This Row],[Customer ID]],'Medical Examinations'!$1:$1048576,3,FALSE()) -> obesity | E62: =VLOOKUP(Table3[[#This Row],[Customer ID]],'Medical Examinations'!$1:$1048576,4,FALSE()) -> 6.04 | F62: =VLOOKUP(Table3[[#This Row],[Customer ID]],'Medical Examinations'!$1:$1048576,5,FALSE()) -> prediabetes | G62: =VLOOKUP(Table3[[#This Row],[Customer ID]],'Medical Examinations'!$1:$1048576,6,FALSE()) -> No | H62: =VLOOKUP(Table3[[#This Row],[Customer ID]],'Medical Examinations'!$1:$1048576,7,FALSE()) -> No | I62: =VLOOKUP(Table3[[#This Row],[Customer ID]],'Medical Examinations'!$1:$1048576,8,FALSE()) -> Yes | J62: =VLOOKUP(Table3[[#This Row],[Customer ID]],'Medical Examinations'!$1:$1048576,9,FALSE()) -> 1 | K62: =VLOOKUP(Table3[[#This Row],[Customer ID]],'Medical Examinations'!$1:$1048576,10,FALSE()) -> yes | L62: =VLOOKUP(Table3[[#This Row],[Customer ID]],'Hospitalisation Details'!61:$1048576,5,FALSE()) -> 27 Dec 1979 | M62: =VLOOKUP(Table3[[#This Row],[Customer ID]],'Hospitalisation Details'!61:$1048576,6,FALSE()) -> 43 | N62: =VLOOKUP(Table3[[#This Row],[Customer ID]],'Hospitalisation Details'!61:$1048576,8,FALSE()) -> 42560.43 | O62: =VLOOKUP(Table3[[#This Row],[Customer ID]],'Hospitalisation Details'!61:$1048576,9,FALSE()) -> tier - 1 | P62: =VLOOKUP(Table3[[#This Row],[Customer ID]],'Hospitalisation Details'!61:$1048576,10,FALSE()) -> tier - 3 | Q62: =VLOOKUP(Table3[[#This Row],[Customer ID]],'Hospitalisation Details'!61:$1048576,11,FALSE()) -> R1013
A63: Id62 | B63: =VLOOKUP(Table3[[#This Row],[Customer ID]],'Customer name 1'!62:$1048576,4,FALSE()) -> Ms. Katie | C63: =VLOOKUP(Table3[[#This Row],[Customer ID]],'Medical Examinations'!$1:$1048576,2,FALSE()) -> 51.48 | D63: =VLOOKUP(Table3[[#This Row],[Customer ID]],'Medical Examinations'!$1:$1048576,3,FALSE()) -> obesity | E63: =VLOOKUP(Table3[[#This Row],[Customer ID]],'Medical Examinations'!$1:$1048576,4,FALSE()) -> 9.33 | F63: =VLOOKUP(Table3[[#This Row],[Customer ID]],'Medical Examinations'!$1:$1048576,5,FALSE()) -> diabetes | G63: =VLOOKUP(Table3[[#This Row],[Customer ID]],'Medical Examinations'!$1:$1048576,6,FALSE()) -> yes | H63: =VLOOKUP(Table3[[#This Row],[Customer ID]],'Medical Examinations'!$1:$1048576,7,FALSE()) -> No | I63: =VLOOKUP(Table3[[#This Row],[Customer ID]],'Medical Examinations'!$1:$1048576,8,FALSE()) -> No | J63: =VLOOKUP(Table3[[#This Row],[Customer ID]],'Medical Examinations'!$1:$1048576,9,FALSE()) -> 0 | K63: =VLOOKUP(Table3[[#This Row],[Customer ID]],'Medical Examinations'!$1:$1048576,10,FALSE()) -> yes | L63: =VLOOKUP(Table3[[#This Row],[Customer ID]],'Hospitalisation Details'!62:$1048576,5,FALSE()) -> 27 Jun 1967 | M63: =VLOOKUP(Table3[[#This Row],[Customer ID]],'Hospitalisation Details'!62:$1048576,6,FALSE()) -> 55 | N63: =VLOOKUP(Table3[[#This Row],[Customer ID]],'Hospitalisation Details'!62:$1048576,8,FALSE()) -> 42538.72 | O63: =VLOOKUP(Table3[[#This Row],[Customer ID]],'Hospitalisation Details'!62:$1048576,9,FALSE()) -> tier - 1 | P63: =VLOOKUP(Table3[[#This Row],[Customer ID]],'Hospitalisation Details'!62:$1048576,10,FALSE()) -> tier - 3 | Q63: =VLOOKUP(Table3[[#This Row],[Customer ID]],'Hospitalisation Details'!62:$1048576,11,FALSE()) -> R1011
A64: Id63 | B64: =VLOOKUP(Table3[[#This Row],[Customer ID]],'Customer name 1'!63:$1048576,4,FALSE()) -> Ms. Casey | C64: =VLOOKUP(Table3[[#This Row],[Customer ID]],'Medical Examinations'!$1:$1048576,2,FALSE()) -> 52.06 | D64: =VLOOKUP(Table3[[#This Row],[Customer ID]],'Medical Examinations'!$1:$1048576,3,FALSE()) -> obesity | E64: =VLOOKUP(Table3[[#This Row],[Customer ID]],'Medical Examinations'!$1:$1048576,4,FALSE()) -> 11.47 | F64: =VLOOKUP(Table3[[#This Row],[Customer ID]],'Medical Examinations'!$1:$1048576,5,FALSE()) -> diabetes | G64: =VLOOKUP(Table3[[#This Row],[Customer ID]],'Medical Examinations'!$1:$1048576,6,FALSE()) -> No | H64: =VLOOKUP(Table3[[#This Row],[Customer ID]],'Medical Examinations'!$1:$1048576,7,FALSE()) -> No | I64: =VLOOKUP(Table3[[#This Row],[Customer ID]],'Medical Examinations'!$1:$1048576,8,FALSE()) -> No | J64: =VLOOKUP(Table3[[#This Row],[Customer ID]],'Medical Examinations'!$1:$1048576,9,FALSE()) -> 0 | K64: =VLOOKUP(Table3[[#This Row],[Customer ID]],'Medical Examinations'!$1:$1048576,10,FALSE()) -> yes | L64: =VLOOKUP(Table3[[#This Row],[Customer ID]],'Hospitalisation Details'!63:$1048576,5,FALSE()) -> 3 Aug 1968 | M64: =VLOOKUP(Table3[[#This Row],[Customer ID]],'Hospitalisation Details'!63:$1048576,6,FALSE()) -> 54 | N64: =VLOOKUP(Table3[[#This Row],[Customer ID]],'Hospitalisation Details'!63:$1048576,8,FALSE()) -> 42478.6 | O64: =VLOOKUP(Table3[[#This Row],[Customer ID]],'Hospitalisation Details'!63:$1048576,9,FALSE()) -> tier - 1 | P64: =VLOOKUP(Table3[[#This Row],[Customer ID]],'Hospitalisation Details'!63:$1048576,10,FALSE()) -> tier - 2 | Q64: =VLOOKUP(Table3[[#This Row],[Customer ID]],'Hospitalisation Details'!63:$1048576,11,FALSE()) -> R1011
A65: Id64 | B65: =VLOOKUP(Table3[[#This Row],[Customer ID]],'Customer name 1'!64:$1048576,4,FALSE()) -> Mr. David | C65: =VLOOKUP(Table3[[#This Row],[Customer ID]],'Medical Examinations'!$1:$1048576,2,FALSE()) -> 30.685 | D65: =VLOOKUP(Table3[[#This Row],[Customer ID]],'Medical Examinations'!$1:$1048576,3,FALSE()) -> obesity | E65: =VLOOKUP(Table3[[#This Row],[Customer ID]],'Medical Examinations'!$1:$1048576,4,FALSE()) -> 7.02 | F65: =VLOOKUP(Table3[[#This Row],[Customer ID]],'Medical Examinations'!$1:$1048576,5,FALSE()) -> diabetes | G65: =VLOOKUP(Table3[[#This Row],[Customer ID]],'Medical Examinations'!$1:$1048576,6,FALSE()) -> yes | H65: =VLOOKUP(Table3[[#This Row],[Customer ID]],'Medical Examinations'!$1:$1048576,7,FALSE()) -> No | I65: =VLOOKUP(Table3[[#This Row],[Customer ID]],'Medical Examinations'!$1:$1048576,8,FALSE()) -> No | J65: =VLOOKUP(Table3[[#This Row],[Customer ID]],'Medical Examinations'!$1:$1048576,9,FALSE()) -> 0 | K65: =VLOOKUP(Table3[[#This Row],[Customer ID]],'Medical Examinations'!$1:$1048576,10,FALSE()) -> yes | L65: =VLOOKUP(Table3[[#This Row],[Customer ID]],'Hospitalisation Details'!64:$1048576,5,FALSE()) -> 28 Jun 1967 | M65: =VLOOKUP(Table3[[#This Row],[Customer ID]],'Hospitalisation Details'!64:$1048576,6,FALSE()) -> 55 | N65: =VLOOKUP(Table3[[#This Row],[Customer ID]],'Hospitalisation Details'!64:$1048576,8,FALSE()) -> 42303.69 | O65: =VLOOKUP(Table3[[#This Row],[Customer ID]],'Hospitalisation Details'!64:$1048576,9,FALSE()) -> tier - 1 | P65: =VLOOKUP(Table3[[#This Row],[Customer ID]],'Hospitalisation Details'!64:$1048576,10,FALSE()) -> tier - 2 | Q65: =VLOOKUP(Table3[[#This Row],[Customer ID]],'Hospitalisation Details'!64:$1048576,11,FALSE()) -> R1016
A66: Id65 | B66: =VLOOKUP(Table3[[#This Row],[Customer ID]],'Customer name 1'!65:$1048576,4,FALSE()) -> Mr. Bryson | C66: =VLOOKUP(Table3[[#This Row],[Customer ID]],'Medical Examinations'!$1:$1048576,2,FALSE()) -> 36.08 | D66: =VLOOKUP(Table3[[#This Row],[Customer ID]],'Medical Examinations'!$1:$1048576,3,FALSE()) -> obesity | E66: =VLOOKUP(Table3[[#This Row],[Customer ID]],'Medical Examinations'!$1:$1048576,4,FALSE()) -> 8.8 | F66: =VLOOKUP(Table3[[#This Row],[Customer ID]],'Medical Examinations'!$1:$1048576,5,FALSE()) -> diabetes | G66: =VLOOKUP(Table3[[#This Row],[Customer ID]],'Medical Examinations'!$1:$1048576,6,FALSE()) -> yes | H66: =VLOOKUP(Table3[[#This Row],[Customer ID]],'Medical Examinations'!$1:$1048576,7,FALSE()) -> No | I66: =VLOOKUP(Table3[[#This Row],[Customer ID]],'Medical Examinations'!$1:$1048576,8,FALSE()) -> No | J66: =VLOOKUP(Table3[[#This Row],[Customer ID]],'Medical Examinations'!$1:$1048576,9,FALSE()) -> 1 | K66: =VLOOKUP(Table3[[#This Row],[Customer ID]],'Medical Examinations'!$1:$1048576,10,FALSE()) -> yes | L66: =VLOOKUP(Table3[[#This Row],[Customer ID]],'Hospitalisation Details'!65:$1048576,5,FALSE()) -> 15 Aug 1975 | M66: =VLOOKUP(Table3[[#This Row],[Customer ID]],'Hospitalisation Details'!65:$1048576,6,FALSE()) -> 47 | N66: =VLOOKUP(Table3[[#This Row],[Customer ID]],'Hospitalisation Details'!65:$1048576,8,FALSE()) -> 42211.14 | O66: =VLOOKUP(Table3[[#This Row],[Customer ID]],'Hospitalisation Details'!65:$1048576,9,FALSE()) -> tier - 1 | P66: =VLOOKUP(Table3[[#This Row],[Customer ID]],'Hospitalisation Details'!65:$1048576,10,FALSE()) -> tier - 3 | Q66: =VLOOKUP(Table3[[#This Row],[Customer ID]],'Hospitalisation Details'!65:$1048576,11,FALSE()) -> R1013
A67: Id66 | B67: =VLOOKUP(Table3[[#This Row],[Customer ID]],'Customer name 1'!66:$1048576,4,FALSE()) -> Ms. Megan | C67: =VLOOKUP(Table3[[#This Row],[Customer ID]],'Medical Examinations'!$1:$1048576,2,FALSE()) -> 54.99 | D67: =VLOOKUP(Table3[[#This Row],[Customer ID]],'Medical Examinations'!$1:$1048576,3,FALSE()) -> obesity | E67: =VLOOKUP(Table3[[#This Row],[Customer ID]],'Medical Examinations'!$1:$1048576,4,FALSE()) -> 8.68 | F67: =VLOOKUP(Table3[[#This Row],[Customer ID]],'Medical Examinations'!$1:$1048576,5,FALSE()) -> diabetes | G67: =VLOOKUP(Table3[[#This Row],[Customer ID]],'Medical Examinations'!$1:$1048576,6,FALSE()) -> No | H67: =VLOOKUP(Table3[[#This Row],[Customer ID]],'Medical Examinations'!$1:$1048576,7,FALSE()) -> No | I67: =VLOOKUP(Table3[[#This Row],[Customer ID]],'Medical Examinations'!$1:$1048576,8,FALSE()) -> No | J67: =VLOOKUP(Table3[[#This Row],[Customer ID]],'Medical Examinations'!$1:$1048576,9,FALSE()) -> 2 | K67: =VLOOKUP(Table3[[#This Row],[Customer ID]],'Medical Examinations'!$1:$1048576,10,FALSE()) -> yes | L67: =VLOOKUP(Table3[[#This Row],[Customer ID]],'Hospitalisation Details'!66:$1048576,5,FALSE()) -> 18 Sep 1973 | M67: =VLOOKUP(Table3[[#This Row],[Customer ID]],'Hospitalisation Details'!66:$1048576,6,FALSE()) -> 49 | N67: =VLOOKUP(Table3[[#This Row],[Customer ID]],'Hospitalisation Details'!66:$1048576,8,FALSE()) -> 42188.15 | O67: =VLOOKUP(Table3[[#This Row],[Customer ID]],'Hospitalisation Details'!66:$1048576,9,FALSE()) -> tier - 1 | P67: =VLOOKUP(Table3[[#This Row],[Customer ID]],'Hospitalisation Details'!66:$1048576,10,FALSE()) -> tier - 1 | Q67: =VLOOKUP(Table3[[#This Row],[Customer ID]],'Hospitalisation Details'!66:$1048576,11,FALSE()) -> R1011
A68: Id67 | B68: =VLOOKUP(Table3[[#This Row],[Customer ID]],'Customer name 1'!67:$1048576,4,FALSE()) -> Mr. Daniel | C68: =VLOOKUP(Table3[[#This Row],[Customer ID]],'Medical Examinations'!$1:$1048576,2,FALSE()) -> 35.97 | D68: =VLOOKUP(Table3[[#This Row],[Customer ID]],'Medical Examinations'!$1:$1048576,3,FALSE()) -> obesity | E68: =VLOOKUP(Table3[[#This Row],[Customer ID]],'Medical Examinations'!$1:$1048576,4,FALSE()) -> 6.12 | F68: =VLOOKUP(Table3[[#This Row],[Customer ID]],'Medical Examinations'!$1:$1048576,5,FALSE()) -> prediabetes | G68: =VLOOKUP(Table3[[#This Row],[Customer ID]],'Medical Examinations'!$1:$1048576,6,FALSE()) -> No | H68: =VLOOKUP(Table3[[#This Row],[Customer ID]],'Medical Examinations'!$1:$1048576,7,FALSE()) -> No | I68: =VLOOKUP(Table3[[#This Row],[Customer ID]],'Medical Examinations'!$1:$1048576,8,FALSE()) -> Yes | J68: =VLOOKUP(Table3[[#This Row],[Customer ID]],'Medical Examinations'!$1:$1048576,9,FALSE()) -> 1 | K68: =VLOOKUP(Table3[[#This Row],[Customer ID]],'Medical Examinations'!$1:$1048576,10,FALSE()) -> yes | L68: =VLOOKUP(Table3[[#This Row],[Customer ID]],'Hospitalisation Details'!67:$1048576,5,FALSE()) -> 3 Jul 1979 | M68: =VLOOKUP(Table3[[#This Row],[Customer ID]],'Hospitalisation Details'!67:$1048576,6,FALSE()) -> 43 | N68: =VLOOKUP(Table3[[#This Row],[Customer ID]],'Hospitalisation Details'!67:$1048576,8,FALSE()) -> 42124.52 | O68: =VLOOKUP(Table3[[#This Row],[Customer ID]],'Hospitalisation Details'!67:$1048576,9,FALSE()) -> tier - 1 | P68: =VLOOKUP(Table3[[#This Row],[Customer ID]],'Hospitalisation Details'!67:$1048576,10,FALSE()) -> tier - 1 | Q68: =VLOOKUP(Table3[[#This Row],[Customer ID]],'Hospitalisation Details'!67:$1048576,11,FALSE()) -> R1013
A69: Id68 | B69: =VLOOKUP(Table3[[#This Row],[Customer ID]],'Customer name 1'!68:$1048576,4,FALSE()) -> Mr. Steven | C69: =VLOOKUP(Table3[[#This Row],[Customer ID]],'Medical Examinations'!$1:$1048576,2,FALSE()) -> 45.54 | D69: =VLOOKUP(Table3[[#This Row],[Customer ID]],'Medical Examinations'!$1:$1048576,3,FALSE()) -> obesity | E69: =VLOOKUP(Table3[[#This Row],[Customer ID]],'Medical Examinations'!$1:$1048576,4,FALSE()) -> 5.4 | F69: =VLOOKUP(Table3[[#This Row],[Customer ID]],'Medical Examinations'!$1:$1048576,5,FALSE()) -> normal | G69: =VLOOKUP(Table3[[#This Row],[Customer ID]],'Medical Examinations'!$1:$1048576,6,FALSE()) -> yes | H69: =VLOOKUP(Table3[[#This Row],[Customer ID]],'Medical Examinations'!$1:$1048576,7,FALSE()) -> No | I69: =VLOOKUP(Table3[[#This Row],[Customer ID]],'Medical Examinations'!$1:$1048576,8,FALSE()) -> Yes | J69: =VLOOKUP(Table3[[#This Row],[Customer ID]],'Medical Examinations'!$1:$1048576,9,FALSE()) -> 1 | K69: =VLOOKUP(Table3[[#This Row],[Customer ID]],'Medical Examinations'!$1:$1048576,10,FALSE()) -> yes | L69: =VLOOKUP(Table3[[#This Row],[Customer ID]],'Hospitalisation Details'!68:$1048576,5,FALSE()) -> 9 Dec 1997 | M69: =VLOOKUP(Table3[[#This Row],[Customer ID]],'Hospitalisation Details'!68:$1048576,6,FALSE()) -> 25 | N69: =VLOOKUP(Table3[[#This Row],[Customer ID]],'Hospitalisation Details'!68:$1048576,8,FALSE()) -> 42112.24 | O69: =VLOOKUP(Table3[[#This Row],[Customer ID]],'Hospitalisation Details'!68:$1048576,9,FALSE()) -> tier - 1 | P69: =VLOOKUP(Table3[[#This Row],[Customer ID]],'Hospitalisation Details'!68:$1048576,10,FALSE()) -> tier - 3 | Q69: =VLOOKUP(Table3[[#This Row],[Customer ID]],'Hospitalisation Details'!68:$1048576,11,FALSE()) -> R1013
A70: Id69 | B70: =VLOOKUP(Table3[[#This Row],[Customer ID]],'Customer name 1'!69:$1048576,4,FALSE()) -> Ms. Jenna | C70: =VLOOKUP(Table3[[#This Row],[Customer ID]],'Medical Examinations'!$1:$1048576,2,FALSE()) -> 35.53 | D70: =VLOOKUP(Table3[[#This Row],[Customer ID]],'Medical Examinations'!$1:$1048576,3,FALSE()) -> obesity | E70: =VLOOKUP(Table3[[#This Row],[Customer ID]],'Medical Examinations'!$1:$1048576,4,FALSE()) -> 4.36 | F70: =VLOOKUP(Table3[[#This Row],[Customer ID]],'Medical Examinations'!$1:$1048576,5,FALSE()) -> normal | G70: =VLOOKUP(Table3[[#This Row],[Customer ID]],'Medical Examinations'!$1:$1048576,6,FALSE()) -> yes | H70: =VLOOKUP(Table3[[#This Row],[Customer ID]],'Medical Examinations'!$1:$1048576,7,FALSE()) -> No | I70: =VLOOKUP(Table3[[#This Row],[Customer ID]],'Medical Examinations'!$1:$1048576,8,FALSE()) -> No | J70: =VLOOKUP(Table3[[#This Row],[Customer ID]],'Medical Examinations'!$1:$1048576,9,FALSE()) -> 0 | K70: =VLOOKUP(Table3[[#This Row],[Customer ID]],'Medical Examinations'!$1:$1048576,10,FALSE()) -> yes | L70: =VLOOKUP(Table3[[#This Row],[Customer ID]],'Hospitalisation Details'!69:$1048576,5,FALSE()) -> 28 Nov 1976 | M70: =VLOOKUP(Table3[[#This Row],[Customer ID]],'Hospitalisation Details'!69:$1048576,6,FALSE()) -> 46 | N70: =VLOOKUP(Table3[[#This Row],[Customer ID]],'Hospitalisation Details'!69:$1048576,8,FALSE()) -> 42111.66 | O70: =VLOOKUP(Table3[[#This Row],[Customer ID]],'Hospitalisation Details'!69:$1048576,9,FALSE()) -> tier - 1 | P70: =VLOOKUP(Table3[[#This Row],[Customer ID]],'Hospitalisation Details'!69:$1048576,10,FALSE()) -> tier - 1 | Q70: =VLOOKUP(Table3[[#This Row],[Customer ID]],'Hospitalisation Details'!69:$1048576,11,FALSE()) -> R1024
A71: Id70 | B71: =VLOOKUP(Table3[[#This Row],[Customer ID]],'Customer name 1'!70:$1048576,4,FALSE()) -> Mr. Freeman | C71: =VLOOKUP(Table3[[#This Row],[Customer ID]],'Medical Examinations'!$1:$1048576,2,FALSE()) -> 30.8 | D71: =VLOOKUP(Table3[[#This Row],[Customer ID]],'Medical Examinations'!$1:$1048576,3,FALSE()) -> obesity | E71: =VLOOKUP(Table3[[#This Row],[Customer ID]],'Medical Examinations'!$1:$1048576,4,FALSE()) -> 9.77 | F71: =VLOOKUP(Table3[[#This Row],[Customer ID]],'Medical Examinations'!$1:$1048576,5,FALSE()) -> diabetes | G71: =VLOOKUP(Table3[[#This Row],[Customer ID]],'Medical Examinations'!$1:$1048576,6,FALSE()) -> No | H71: =VLOOKUP(Table3[[#This Row],[Customer ID]],'Medical Examinations'!$1:$1048576,7,FALSE()) -> No | I71: =VLOOKUP(Table3[[#This Row],[Customer ID]],'Medical Examinations'!$1:$1048576,8,FALSE()) -> No | J71: =VLOOKUP(Table3[[#This Row],[Customer ID]],'Medical Examinations'!$1:$1048576,9,FALSE()) -> 0 | K71: =VLOOKUP(Table3[[#This Row],[Customer ID]],'Medical Examinations'!$1:$1048576,10,FALSE()) -> yes | L71: =VLOOKUP(Table3[[#This Row],[Customer ID]],'Hospitalisation Details'!70:$1048576,5,FALSE()) -> 19 Dec 1968 | M71: =VLOOKUP(Table3[[#This Row],[Customer ID]],'Hospitalisation Details'!70:$1048576,6,FALSE()) -> 54 | N71: =VLOOKUP(Table3[[#This Row],[Customer ID]],'Hospitalisation Details'!70:$1048576,8,FALSE()) -> 41999.52 | O71: =VLOOKUP(Table3[[#This Row],[Customer ID]],'Hospitalisation Details'!70:$1048576,9,FALSE()) -> tier - 1 | P71: =VLOOKUP(Table3[[#This Row],[Customer ID]],'Hospitalisation Details'!70:$1048576,10,FALSE()) -> tier - 3 | Q71: =VLOOKUP(Table3[[#This Row],[Customer ID]],'Hospitalisation Details'!70:$1048576,11,FALSE()) -> R1013
A72: Id71 | B72: =VLOOKUP(Table3[[#This Row],[Customer ID]],'Customer name 1'!71:$1048576,4,FALSE()) -> Mr. Jeff | C72: =VLOOKUP(Table3[[#This Row],[Customer ID]],'Medical Examinations'!$1:$1048576,2,FALSE()) -> 38.39 | D72: =VLOOKUP(Table3[[#This Row],[Customer ID]],'Medical Examinations'!$1:$1048576,3,FALSE()) -> obesity | E72: =VLOOKUP(Table3[[#This Row],[Customer ID]],'Medical Examinations'!$1:$1048576,4,FALSE()) -> 4.25 | F72: =VLOOKUP(Table3[[#This Row],[Customer ID]],'Medical Examinations'!$1:$1048576,5,FALSE()) -> normal | G72: =VLOOKUP(Table3[[#This Row],[Customer ID]],'Medical Examinations'!$1:$1048576,6,FALSE()) -> No | H72: =VLOOKUP(Table3[[#This Row],[Customer ID]],'Medical Examinations'!$1:$1048576,7,FALSE()) -> No | I72: =VLOOKUP(Table3[[#This Row],[Customer ID]],'Medical Examinations'!$1:$1048576,8,FALSE()) -> No | J72: =VLOOKUP(Table3[[#This Row],[Customer ID]],'Medical Examinations'!$1:$1048576,9,FALSE()) -> 1 | K72: =VLOOKUP(Table3[[#This Row],[Customer ID]],'Medical Examinations'!$1:$1048576,10,FALSE()) -> yes | L72: =VLOOKUP(Table3[[#This Row],[Customer ID]],'Hospitalisation Details'!71:$1048576,5,FALSE()) -> 10 Nov 1984 | M72: =VLOOKUP(Table3[[#This Row],[Customer ID]],'Hospitalisation Details'!71:$1048576,6,FALSE()) -> 38 | N72: =VLOOKUP(Table3[[#This Row],[Customer ID]],'Hospitalisation Details'!71:$1048576,8,FALSE()) -> 41949.24 | O72: =VLOOKUP(Table3[[#This Row],[Customer ID]],'Hospitalisation Details'!71:$1048576,9,FALSE()) -> tier - 1 | P72: =VLOOKUP(Table3[[#This Row],[Customer ID]],'Hospitalisation Details'!71:$1048576,10,FALSE()) -> tier - 1 | Q72: =VLOOKUP(Table3[[#This Row],[Customer ID]],'Hospitalisation Details'!71:$1048576,11,FALSE()) -> R1013
A73: Id72 | B73: =VLOOKUP(Table3[[#This Row],[Customer ID]],'Customer name 1'!72:$1048576,4,FALSE()) -> Mr. Elenilton | C73: =VLOOKUP(Table3[[#This Row],[Customer ID]],'Medical Examinations'!$1:$1048576,2,FALSE()) -> 32.3 | D73: =VLOOKUP(Table3[[#This Row],[Customer ID]],'Medical Examinations'!$1:$1048576,3,FALSE()) -> obesity | E73: =VLOOKUP(Table3[[#This Row],[Customer ID]],'Medical Examinations'!$1:$1048576,4,FALSE()) -> 4.76 | F73: =VLOOKUP(Table3[[#This Row],[Customer ID]],'Medical Examinations'!$1:$1048576,5,FALSE()) -> normal | G73: =VLOOKUP(Table3[[#This Row],[Customer ID]],'Medical Examinations'!$1:$1048576,6,FALSE()) -> No | H73: =VLOOKUP(Table3[[#This Row],[Customer ID]],'Medical Examinations'!$1:$1048576,7,FALSE()) -> No | I73: =VLOOKUP(Table3[[#This Row],[Customer ID]],'Medical Examinations'!$1:$1048576,8,FALSE()) -> No | J73: =VLOOKUP(Table3[[#This Row],[Customer ID]],'Medical Examinations'!$1:$1048576,9,FALSE()) -> 2 | K73: =VLOOKUP(Table3[[#This Row],[Customer ID]],'Medical Examinations'!$1:$1048576,10,FALSE()) -> yes | L73: =VLOOKUP(Table3[[#This Row],[Customer ID]],'Hospitalisation Details'!72:$1048576,5,FALSE()) -> 8 Jun 1972 | M73: =VLOOKUP(Table3[[#This Row],[Customer ID]],'Hospitalisation Details'!72:$1048576,6,FALSE()) -> 51 | N73: =VLOOKUP(Table3[[#This Row],[Customer ID]],'Hospitalisation Details'!72:$1048576,8,FALSE()) -> 41919.1 | O73: =VLOOKUP(Table3[[#This Row],[Customer ID]],'Hospitalisation Details'!72:$1048576,9,FALSE()) -> tier - 1 | P73: =VLOOKUP(Table3[[#This Row],[Customer ID]],'Hospitalisation Details'!72:$1048576,10,FALSE()) -> tier - 1 | Q73: =VLOOKUP(Table3[[#This Row],[Customer ID]],'Hospitalisation Details'!72:$1048576,11,FALSE()) -> R1016
A74: Id73 | B74: =VLOOKUP(Table3[[#This Row],[Customer ID]],'Customer name 1'!73:$1048576,4,FALSE()) -> Ms. Maurya | C74: =VLOOKUP(Table3[[#This Row],[Customer ID]],'Medical Examinations'!$1:$1048576,2,FALSE()) -> 48.8 | D74: =VLOOKUP(Table3[[#This Row],[Customer ID]],'Medical Examinations'!$1:$1048576,3,FALSE()) -> obesity | E74: =VLOOKUP(Table3[[#This Row],[Customer ID]],'Medical Examinations'!$1:$1048576,4,FALSE()) -> 6.22 | F74: =VLOOKUP(Table3[[#This Row],[Customer ID]],'Medical Examinations'!$1:$1048576,5,FALSE()) -> prediabetes | G74: =VLOOKUP(Table3[[#This Row],[Customer ID]],'Medical Examinations'!$1:$1048576,6,FALSE()) -> yes | H74: =VLOOKUP(Table3[[#This Row],[Customer ID]],'Medical Examinations'!$1:$1048576,7,FALSE()) -> No | I74: =VLOOKUP(Table3[[#This Row],[Customer ID]],'Medical Examinations'!$1:$1048576,8,FALSE()) -> No | J74: =VLOOKUP(Table3[[#This Row],[Customer ID]],'Medical Examinations'!$1:$1048576,9,FALSE()) -> 2 | K74: =VLOOKUP(Table3[[#This Row],[Customer ID]],'Medical Examinations'!$1:$1048576,10,FALSE()) -> yes | L74: =VLOOKUP(Table3[[#This Row],[Customer ID]],'Hospitalisation Details'!73:$1048576,5,FALSE()) -> 21 Sep 1966 | M74: =VLOOKUP(Table3[[#This Row],[Customer ID]],'Hospitalisation Details'!73:$1048576,6,FALSE()) -> 56 | N74: =VLOOKUP(Table3[[#This Row],[Customer ID]],'Hospitalisation Details'!73:$1048576,8,FALSE()) -> 41886.54 | O74: =VLOOKUP(Table3[[#This Row],[Customer ID]],'Hospitalisation Details'!73:$1048576,9,FALSE()) -> tier - 1 | P74: =VLOOKUP(Table3[[#This Row],[Customer ID]],'Hospitalisation Details'!73:$1048576,10,FALSE()) -> tier - 3 | Q74: =VLOOKUP(Table3[[#This Row],[Customer ID]],'Hospitalisation Details'!73:$1048576,11,FALSE()) -> R1011
A75: Id74 | B75: =VLOOKUP(Table3[[#This Row],[Customer ID]],'Customer name 1'!74:$1048576,4,FALSE()) -> Ms. Samantha | C75: =VLOOKUP(Table3[[#This Row],[Customer ID]],'Medical Examinations'!$1:$1048576,2,FALSE()) -> 45.5 | D75: =VLOOKUP(Table3[[#This Row],[Customer ID]],'Medical Examinations'!$1:$1048576,3,FALSE()) -> obesity | E75: =VLOOKUP(Table3[[#This Row],[Customer ID]],'Medical Examinations'!$1:$1048576,4,FALSE()) -> 7.96 | F75: =VLOOKUP(Table3[[#This Row],[Customer ID]],'Medical Examinations'!$1:$1048576,5,FALSE()) -> diabetes | G75: =VLOOKUP(Table3[[#This Row],[Customer ID]],'Medical Examinations'!$1:$1048576,6,FALSE()) -> No | H75: =VLOOKUP(Table3[[#This Row],[Customer ID]],'Medical Examinations'!$1:$1048576,7,FALSE()) -> No | I75: =VLOOKUP(Table3[[#This Row],[Customer ID]],'Medical Examinations'!$1:$1048576,8,FALSE()) -> No | J75: =VLOOKUP(Table3[[#This Row],[Customer ID]],'Medical Examinations'!$1:$1048576,9,FALSE()) -> 0 | K75: =VLOOKUP(Table3[[#This Row],[Customer ID]],'Medical Examinations'!$1:$1048576,10,FALSE()) -> yes | L75: =VLOOKUP(Table3[[#This Row],[Customer ID]],'Hospitalisation Details'!74:$1048576,5,FALSE()) -> 22 Sep 1962 | M75: =VLOOKUP(Table3[[#This Row],[Customer ID]],'Hospitalisation Details'!74:$1048576,6,FALSE()) -> 60 | N75: =VLOOKUP(Table3[[#This Row],[Customer ID]],'Hospitalisation Details'!74:$1048576,8,FALSE()) -> 41794.63 | O75: =VLOOKUP(Table3[[#This Row],[Customer ID]],'Hospitalisation Details'!74:$1048576,9,FALSE()) -> tier - 1 | P75: =VLOOKUP(Table3[[#This Row],[Customer ID]],'Hospitalisation Details'!74:$1048576,10,FALSE()) -> tier - 3 | Q75: =VLOOKUP(Table3[[#This Row],[Customer ID]],'Hospitalisation Details'!74:$1048576,11,FALSE()) -> R1011
A76: Id75 | B76: =VLOOKUP(Table3[[#This Row],[Customer ID]],'Customer name 1'!75:$1048576,4,FALSE()) -> Ms. Bethany | C76: =VLOOKUP(Table3[[#This Row],[Customer ID]],'Medical Examinations'!$1:$1048576,2,FALSE()) -> 53.61 | D76: =VLOOKUP(Table3[[#This Row],[Customer ID]],'Medical Examinations'!$1:$1048576,3,FALSE()) -> obesity | E76: =VLOOKUP(Table3[[#This Row],[Customer ID]],'Medical Examinations'!$1:$1048576,4,FALSE()) -> 10.92 | F76: =VLOOKUP(Table3[[#This Row],[Customer ID]],'Medical Examinations'!$1:$1048576,5,FALSE()) -> diabetes | G76: =VLOOKUP(Table3[[#This Row],[Customer ID]],'Medical Examinations'!$1:$1048576,6,FALSE()) -> yes | H76: =VLOOKUP(Table3[[#This Row],[Customer ID]],'Medical Examinations'!$1:$1048576,7,FALSE()) -> No | I76: =VLOOKUP(Table3[[#This Row],[Customer ID]],'Medical Examinations'!$1:$1048576,8,FALSE()) -> No | J76: =VLOOKUP(Table3[[#This Row],[Customer ID]],'Medical Examinations'!$1:$1048576,9,FALSE()) -> 1 | K76: =VLOOKUP(Table3[[#This Row],[Customer ID]],'Medical Examinations'!$1:$1048576,10,FALSE()) -> yes | L76: =VLOOKUP(Table3[[#This Row],[Customer ID]],'Hospitalisation Details'!75:$1048576,5,FALSE()) -> 29 Sep 1975 | M76: =VLOOKUP(Table3[[#This Row],[Customer ID]],'Hospitalisation Details'!75:$1048576,6,FALSE()) -> 47 | N76: =VLOOKUP(Table3[[#This Row],[Customer ID]],'Hospitalisation Details'!75:$1048576,8,FALSE()) -> 41681.86 | O76: =VLOOKUP(Table3[[#This Row],[Customer ID]],'Hospitalisation Details'!75:$1048576,9,FALSE()) -> tier - 1 | P76: =VLOOKUP(Table3[[#This Row],[Customer ID]],'Hospitalisation Details'!75:$1048576,10,FALSE()) -> tier - 1 | Q76: =VLOOKUP(Table3[[#This Row],[Customer ID]],'Hospitalisation Details'!75:$1048576,11,FALSE()) -> R1011
A77: Id76 | B77: =VLOOKUP(Table3[[#This Row],[Customer ID]],'Customer name 1'!76:$1048576,4,FALSE()) -> Mr. Yves | C77: =VLOOKUP(Table3[[#This Row],[Customer ID]],'Medical Examinations'!$1:$1048576,2,FALSE()) -> 36.19 | D77: =VLOOKUP(Table3[[#This Row],[Customer ID]],'Medical Examinations'!$1:$1048576,3,FALSE()) -> obesity | E77: =VLOOKUP(Table3[[#This Row],[Customer ID]],'Medical Examinations'!$1:$1048576,4,FALSE()) -> 11.51 | F77: =VLOOKUP(Table3[[#This Row],[Customer ID]],'Medical Examinations'!$1:$1048576,5,FALSE()) -> diabetes | G77: =VLOOKUP(Table3[[#This Row],[Customer ID]],'Medical Examinations'!$1:$1048576,6,FALSE()) -> yes | H77: =VLOOKUP(Table3[[#This Row],[Customer ID]],'Medical Examinations'!$1:$1048576,7,FALSE()) -> No | I77: =VLOOKUP(Table3[[#This Row],[Customer ID]],'Medical Examinations'!$1:$1048576,8,FALSE()) -> No | J77: =VLOOKUP(Table3[[#This Row],[Customer ID]],'Medical Examinations'!$1:$1048576,9,FALSE()) -> 1 | K77: =VLOOKUP(Table3[[#This Row],[Customer ID]],'Medical Examinations'!$1:$1048576,10,FALSE()) -> yes | L77: =VLOOKUP(Table3[[#This Row],[Customer ID]],'Hospitalisation Details'!76:$1048576,5,FALSE()) -> 14 Nov 1975 | M77: =VLOOKUP(Table3[[#This Row],[Customer ID]],'Hospitalisation Details'!76:$1048576,6,FALSE()) -> 47 | N77: =VLOOKUP(Table3[[#This Row],[Customer ID]],'Hospitalisation Details'!76:$1048576,8,FALSE()) -> 41676.08 | O77: =VLOOKUP(Table3[[#This Row],[Customer ID]],'Hospitalisation Details'!76:$1048576,9,FALSE()) -> tier - 1 | P77: =VLOOKUP(Table3[[#This Row],[Customer ID]],'Hospitalisation Details'!76:$1048576,10,FALSE()) -> tier - 2 | Q77: =VLOOKUP(Table3[[#This Row],[Customer ID]],'Hospitalisation Details'!76:$1048576,11,FALSE()) -> R1013
A78: Id77 | B78: =VLOOKUP(Table3[[#This Row],[Customer ID]],'Customer name 1'!77:$1048576,4,FALSE()) -> Ms. Danielle | C78: =VLOOKUP(Table3[[#This Row],[Customer ID]],'Medical Examinations'!$1:$1048576,2,FALSE()) -> 34.6 | D78: =VLOOKUP(Table3[[#This Row],[Customer ID]],'Medical Examinations'!$1:$1048576,3,FALSE()) -> obesity | E78: =VLOOKUP(Table3[[#This Row],[Customer ID]],'Medical Examinations'!$1:$1048576,4,FALSE()) -> 5.99 | F78: =VLOOKUP(Table3[[#This Row],[Customer ID]],'Medical Examinations'!$1:$1048576,5,FALSE()) -> prediabetes | G78: =VLOOKUP(Table3[[#This Row],[Customer ID]],'Medical Examinations'!$1:$1048576,6,FALSE()) -> yes | H78: =VLOOKUP(Table3[[#This Row],[Customer ID]],'Medical Examinations'!$1:$1048576,7,FALSE()) -> No | I78: =VLOOKUP(Table3[[#This Row],[Customer ID]],'Medical Examinations'!$1:$1048576,8,FALSE()) -> No | J78: =VLOOKUP(Table3[[#This Row],[Customer ID]],'Medical Examinations'!$1:$1048576,9,FALSE()) -> 0 | K78: =VLOOKUP(Table3[[#This Row],[Customer ID]],'Medical Examinations'!$1:$1048576,10,FALSE()) -> yes | L78: =VLOOKUP(Table3[[#This Row],[Customer ID]],'Hospitalisation Details'!77:$1048576,5,FALSE()) -> 29 Oct 1976 | M78: =VLOOKUP(Table3[[#This Row],[Customer ID]],'Hospitalisation Details'!77:$1048576,6,FALSE()) -> 46 | N78: =VLOOKUP(Table3[[#This Row],[Customer ID]],'Hospitalisation Details'!77:$1048576,8,FALSE()) -> 41661.6 | O78: =VLOOKUP(Table3[[#This Row],[Customer ID]],'Hospitalisation Details'!77:$1048576,9,FALSE()) -> tier - 1 | P78: =VLOOKUP(Table3[[#This Row],[Customer ID]],'Hospitalisation Details'!77:$1048576,10,FALSE()) -> tier - 3 | Q78: =VLOOKUP(Table3[[#This Row],[Customer ID]],'Hospitalisation Details'!77:$1048576,11,FALSE()) -> R1011
A79: Id78 | B79: =VLOOKUP(Table3[[#This Row],[Customer ID]],'Customer name 1'!78:$1048576,4,FALSE()) -> Ms. Julia | C79: =VLOOKUP(Table3[[#This Row],[Customer ID]],'Medical Examinations'!$1:$1048576,2,FALSE()) -> 54.12 | D79: =VLOOKUP(Table3[[#This Row],[Customer ID]],'Medical Examinations'!$1:$1048576,3,FALSE()) -> obesity | E79: =VLOOKUP(Table3[[#This Row],[Customer ID]],'Medical Examinations'!$1:$1048576,4,FALSE()) -> 11.57 | F79: =VLOOKUP(Table3[[#This Row],[Customer ID]],'Medical Examinations'!$1:$1048576,5,FALSE()) -> diabetes | G79: =VLOOKUP(Table3[[#This Row],[Customer ID]],'Medical Examinations'!$1:$1048576,6,FALSE()) -> No | H79: =VLOOKUP(Table3[[#This Row],[Customer ID]],'Medical Examinations'!$1:$1048576,7,FALSE()) -> No | I79: =VLOOKUP(Table3[[#This Row],[Customer ID]],'Medical Examinations'!$1:$1048576,8,FALSE()) -> No | J79: =VLOOKUP(Table3[[#This Row],[Customer ID]],'Medical Examinations'!$1:$1048576,9,FALSE()) -> 0 | K79: =VLOOKUP(Table3[[#This Row],[Customer ID]],'Medical Examinations'!$1:$1048576,10,FALSE()) -> yes | L79: =VLOOKUP(Table3[[#This Row],[Customer ID]],'Hospitalisation Details'!78:$1048576,5,FALSE()) -> 24 Nov 1974 | M79: =VLOOKUP(Table3[[#This Row],[Customer ID]],'Hospitalisation Details'!78:$1048576,6,FALSE()) -> 48 | N79: =VLOOKUP(Table3[[#This Row],[Customer ID]],'Hospitalisation Details'!78:$1048576,8,FALSE()) -> 41636.2 | O79: =VLOOKUP(Table3[[#This Row],[Customer ID]],'Hospitalisation Details'!78:$1048576,9,FALSE()) -> tier - 1 | P79: =VLOOKUP(Table3[[#This Row],[Customer ID]],'Hospitalisation Details'!78:$1048576,10,FALSE()) -> tier - 1 | Q79: =VLOOKUP(Table3[[#This Row],[Customer ID]],'Hospitalisation Details'!78:$1048576,11,FALSE()) -> R1011
A80: Id79 | B80: =VLOOKUP(Table3[[#This Row],[Customer ID]],'Customer name 1'!79:$1048576,4,FALSE()) -> Mr. Joshua | C80: =VLOOKUP(Table3[[#This Row],[Customer ID]],'Medical Examinations'!$1:$1048576,2,FALSE()) -> 48.82 | D80: =VLOOKUP(Table3[[#This Row],[Customer ID]],'Medical Examinations'!$1:$1048576,3,FALSE()) -> obesity | E80: =VLOOKUP(Table3[[#This Row],[Customer ID]],'Medical Examinations'!$1:$1048576,4,FALSE()) -> 6.67 | F80: =VLOOKUP(Table3[[#This Row],[Customer ID]],'Medical Examinations'!$1:$1048576,5,FALSE()) -> diabetes | G80: =VLOOKUP(Table3[[#This Row],[Customer ID]],'Medical Examinations'!$1:$1048576,6,FALSE()) -> yes | H80: =VLOOKUP(Table3[[#This Row],[Customer ID]],'Medical Examinations'!$1:$1048576,7,FALSE()) -> No | I80: =VLOOKUP(Table3[[#This Row],[Customer ID]],'Medical Examinations'!$1:$1048576,8,FALSE()) -> No | J80: =VLOOKUP(Table3[[#This Row],[Customer ID]],'Medical Examinations'!$1:$1048576,9,FALSE()) -> 0 | K80: =VLOOKUP(Table3[[#This Row],[Customer ID]],'Medical Examinations'!$1:$1048576,10,FALSE()) -> yes | L80: =VLOOKUP(Table3[[#This Row],[Customer ID]],'Hospitalisation Details'!79:$1048576,5,FALSE()) -> 22 Dec 1967 | M80: =VLOOKUP(Table3[[#This Row],[Customer ID]],'Hospitalisation Details'!79:$1048576,6,FALSE()) -> 55 | N80: =VLOOKUP(Table3[[#This Row],[Customer ID]],'Hospitalisation Details'!79:$1048576,8,FALSE()) -> 41505.15 | O80: =VLOOKUP(Table3[[#This Row],[Customer ID]],'Hospitalisation Details'!79:$1048576,9,FALSE()) -> tier - 1 | P80: =VLOOKUP(Table3[[#This Row],[Customer ID]],'Hospitalisation Details'!79:$1048576,10,FALSE()) -> tier - 2 | Q80: =VLOOKUP(Table3[[#This Row],[Customer ID]],'Hospitalisation Details'!79:$1048576,11,FALSE()) -> R1011
A81: Id80 | B81: =VLOOKUP(Table3[[#This Row],[Customer ID]],'Customer name 1'!80:$1048576,4,FALSE()) -> Ms. Jennifer | C81: =VLOOKUP(Table3[[#This Row],[Customer ID]],'Medical Examinations'!$1:$1048576,2,FALSE()) -> 51.01 | D81: =VLOOKUP(Table3[[#This Row],[Customer ID]],'Medical Examinations'!$1:$1048576,3,FALSE()) -> obesity | E81: =VLOOKUP(Table3[[#This Row],[Customer ID]],'Medical Examinations'!$1:$1048576,4,FALSE()) -> 9.2 | F81: =VLOOKUP(Table3[[#This Row],[Customer ID]],'Medical Examinations'!$1:$1048576,5,FALSE()) -> diabetes | G81: =VLOOKUP(Table3[[#This Row],[Customer ID]],'Medical Examinations'!$1:$1048576,6,FALSE()) -> No | H81: =VLOOKUP(Table3[[#This Row],[Customer ID]],'Medical Examinations'!$1:$1048576,7,FALSE()) -> No | I81: =VLOOKUP(Table3[[#This Row],[Customer ID]],'Medical Examinations'!$1:$1048576,8,FALSE()) -> No | J81: =VLOOKUP(Table3[[#This Row],[Customer ID]],'Medical Examinations'!$1:$1048576,9,FALSE()) -> 0 | K81: =VLOOKUP(Table3[[#This Row],[Customer ID]],'Medical Examinations'!$1:$1048576,10,FALSE()) -> yes | L81: =VLOOKUP(Table3[[#This Row],[Customer ID]],'Hospitalisation Details'!80:$1048576,5,FALSE()) -> 16 Oct 1971 | M81: =VLOOKUP(Table3[[#This Row],[Customer ID]],'Hospitalisation Details'!80:$1048576,6,FALSE()) -> 51 | N81: =VLOOKUP(Table3[[#This Row],[Customer ID]],'Hospitalisation Details'!80:$1048576,8,FALSE()) -> 41351.88 | O81: =VLOOKUP(Table3[[#This Row],[Customer ID]],'Hospitalisation Details'!80:$1048576,9,FALSE()) -> tier - 1 | P81: =VLOOKUP(Table3[[#This Row],[Customer ID]],'Hospitalisation Details'!80:$1048576,10,FALSE()) -> tier - 2 | Q81: =VLOOKUP(Table3[[#This Row],[Customer ID]],'Hospitalisation Details'!80:$1048576,11,FALSE()) -> R1011
A82: Id81 | B82: =VLOOKUP(Table3[[#This Row],[Customer ID]],'Customer name 1'!81:$1048576,4,FALSE()) -> Ms. Gwen | C82: =VLOOKUP(Table3[[#This Row],[Customer ID]],'Medical Examinations'!$1:$1048576,2,FALSE()) -> 45.65 | D82: =VLOOKUP(Table3[[#This Row],[Customer ID]],'Medical Examinations'!$1:$1048576,3,FALSE()) -> obesity | E82: =VLOOKUP(Table3[[#This Row],[Customer ID]],'Medical Examinations'!$1:$1048576,4,FALSE()) -> 5.11 | F82: =VLOOKUP(Table3[[#This Row],[Customer ID]],'Medical Examinations'!$1:$1048576,5,FALSE()) -> normal | G82: =VLOOKUP(Table3[[#This Row],[Customer ID]],'Medical Examinations'!$1:$1048576,6,FALSE()) -> yes | H82: =VLOOKUP(Table3[[#This Row],[Customer ID]],'Medical Examinations'!$1:$1048576,7,FALSE()) -> No | I82: =VLOOKUP(Table3[[#This Row],[Customer ID]],'Medical Examinations'!$1:$1048576,8,FALSE()) -> No | J82: =VLOOKUP(Table3[[#This Row],[Customer ID]],'Medical Examinations'!$1:$1048576,9,FALSE()) -> 1 | K82: =VLOOKUP(Table3[[#This Row],[Customer ID]],'Medical Examinations'!$1:$1048576,10,FALSE()) -> yes | L82: =VLOOKUP(Table3[[#This Row],[Customer ID]],'Hospitalisation Details'!81:$1048576,5,FALSE()) -> 7 Oct 1964 | M82: =VLOOKUP(Table3[[#This Row],[Customer ID]],'Hospitalisation Details'!81:$1048576,6,FALSE()) -> 58 | N82: =VLOOKUP(Table3[[#This Row],[Customer ID]],'Hospitalisation Details'!81:$1048576,8,FALSE()) -> 41331.79 | O82: =VLOOKUP(Table3[[#This Row],[Customer ID]],'Hospitalisation Details'!81:$1048576,9,FALSE()) -> tier - 1 | P82: =VLOOKUP(Table3[[#This Row],[Customer ID]],'Hospitalisation Details'!81:$1048576,10,FALSE()) -> tier - 2 | Q82: =VLOOKUP(Table3[[#This Row],[Customer ID]],'Hospitalisation Details'!81:$1048576,11,FALSE()) -> R1011
A83: Id82 | B83: =VLOOKUP(Table3[[#This Row],[Customer ID]],'Customer name 1'!82:$1048576,4,FALSE()) -> Mr. Patrick | C83: =VLOOKUP(Table3[[#This Row],[Customer ID]],'Medical Examinations'!$1:$1048576,2,FALSE()) -> 52.9 | D83: =VLOOKUP(Table3[[#This Row],[Customer ID]],'Medical Examinations'!$1:$1048576,3,FALSE()) -> obesity | E83: =VLOOKUP(Table3[[#This Row],[Customer ID]],'Medical Examinations'!$1:$1048576,4,FALSE()) -> 5.34 | F83: =VLOOKUP(Table3[[#This Row],[Customer ID]],'Medical Examinations'!$1:$1048576,5,FALSE()) -> normal | G83: =VLOOKUP(Table3[[#This Row],[Customer ID]],'Medical Examinations'!$1:$1048576,6,FALSE()) -> No | H83: =VLOOKUP(Table3[[#This Row],[Customer ID]],'Medical Examinations'!$1:$1048576,7,FALSE()) -> No | I83: =VLOOKUP(Table3[[#This Row],[Customer ID]],'Medical Examinations'!$1:$1048576,8,FALSE()) -> No | J83: =VLOOKUP(Table3[[#This Row],[Customer ID]],'Medical Examinations'!$1:$1048576,9,FALSE()) -> 0 | K83: =VLOOKUP(Table3[[#This Row],[Customer ID]],'Medical Examinations'!$1:$1048576,10,FALSE()) -> yes | L83: =VLOOKUP(Table3[[#This Row],[Customer ID]],'Hospitalisation Details'!82:$1048576,5,FALSE()) -> 27 Aug 1977 | M83: =VLOOKUP(Table3[[#This Row],[Customer ID]],'Hospitalisation Details'!82:$1048576,6,FALSE()) -> 45 | N83: =VLOOKUP(Table3[[#This Row],[Customer ID]],'Hospitalisation Details'!82:$1048576,8,FALSE()) -> 41271.5 | O83: =VLOOKUP(Table3[[#This Row],[Customer ID]],'Hospitalisation Details'!82:$1048576,9,FALSE()) -> tier - 1 | P83: =VLOOKUP(Table3[[#This Row],[Customer ID]],'Hospitalisation Details'!82:$1048576,10,FALSE()) -> tier - 2 | Q83: =VLOOKUP(Table3[[#This Row],[Customer ID]],'Hospitalisation Details'!82:$1048576,11,FALSE()) -> R1011
